year	month	TPLnr	time pnt	lon	lat	vort_filt	thetaSST-theta500	UPV polewards	low depth	PLpoint
1980.0	1.0	1793.0	88.0	-58.114899	-52.165077	3.151355	-9.78181239537	17.2823371887	-0.366760253906	0.0
1980.0	1.0	1793.0	89.0	-54.711212	-51.579597	4.54614	-10.4896834524	15.0426006317	-0.467956542969	1.0
1980.0	1.0	1793.0	90.0	-51.509033	-51.569054	4.285764	-11.1008557771	24.7522068024	-0.463195800781	0.0
1980.0	3.0	5023.0	0.0	-65.297333	-53.975185	5.0292	-7.75122918023	16.4395828247	-0.443115234375	1.0
1980.0	3.0	5023.0	1.0	-64.549957	-53.225876	4.949253	-7.74017655222	18.9676303864	-0.557189941406	1.0
1980.0	3.0	5023.0	2.0	-62.522736	-52.411755	4.0406	-8.95561780428	16.937374115	-0.432922363281	1.0
1980.0	3.0	5023.0	3.0	-59.451935	-50.992416	4.121712	-9.01737540109	18.2595672607	-0.410400390625	1.0
1980.0	3.0	5435.0	16.0	-13.802429	-53.149715	4.178427	-11.3151919716	13.233874321	-0.623901367188	0.0
1980.0	3.0	5435.0	17.0	-10.775787	-53.217945	4.609135	-10.9036543997	13.2601652145	-0.46142578125	1.0
1980.0	3.0	5435.0	18.0	-9.215393	-52.991154	3.704964	-11.191210295	13.8063488007	-0.317626953125	0.0
1980.0	3.0	5435.0	19.0	-7.775299	-52.3265	2.675143	-12.3213500977	15.9071445465	-0.105163574219	0.0
1980.0	3.0	6078.0	45.0	-176.082672	-58.381611	3.240872	-8.04178338302	23.072687149	-0.450988769531	1.0
1980.0	3.0	6078.0	46.0	-171.88327	-58.398621	5.12042	-8.99383223684	25.3154430389	-0.659057617188	1.0
1980.0	3.0	6078.0	47.0	-168.401016	-58.680111	6.842597	-10.8888501619	20.6870422363	-0.811340332031	1.0
1980.0	3.0	6078.0	48.0	-166.079514	-58.653187	7.560054	-10.9457108347	17.6626586914	-0.734558105469	1.0
1980.0	3.0	6078.0	49.0	-162.349915	-58.837891	6.828269	-12.7685402318	19.0165100098	-0.694702148438	0.0
1980.0	3.0	6078.0	50.0	-157.646149	-61.379303	5.042804	-15.8181433105	26.3700466156	-0.6435546875	0.0
1980.0	3.0	7480.0	98.0	-102.473022	-66.326126	3.143878	-11.9246496582	23.8644256592	-0.305419921875	0.0
1980.0	3.0	7480.0	99.0	-98.683929	-65.59359	4.409378	-9.4024597168	18.5598640442	-0.428283691406	1.0
1980.0	3.0	7480.0	100.0	-93.192383	-65.194557	5.346558	-9.01510986328	16.7039337158	-0.447570800781	1.0
1980.0	3.0	7480.0	101.0	-91.17749	-65.626236	6.286266	-9.82952270508	17.2078037262	-0.71630859375	1.0
1980.0	3.0	7480.0	102.0	-90.149994	-66.078552	7.070774	-9.69868041992	20.1637802124	-0.792663574219	1.0
1980.0	3.0	7480.0	103.0	-89.965515	-66.105888	7.160388	-9.83486328125	27.3512134552	-0.798828125	1.0
1980.0	3.0	7480.0	104.0	-89.767609	-65.793175	5.821477	-9.57425415039	25.974067688	-0.593994140625	1.0
1980.0	3.0	7480.0	105.0	-88.297668	-65.219727	3.771209	-8.88366699219	25.1359424591	-0.659851074219	1.0
1980.0	3.0	7678.0	107.0	75.727325	-39.011936	3.415968	-7.47021484375	22.5572662354	-0.194641113281	0.0
1980.0	3.0	7678.0	108.0	79.210594	-38.233295	4.533075	-7.95962759165	23.9896411896	-0.298950195312	0.0
1980.0	3.0	7678.0	109.0	82.8993	-37.857048	5.234974	-8.40620539739	22.4357852936	-0.464599609375	1.0
1980.0	3.0	7678.0	110.0	86.827835	-37.641594	4.818181	-9.62158437876	24.7385845184	-0.408020019531	0.0
1980.0	3.0	7678.0	111.0	91.564621	-37.820953	3.456377	-11.6759737455	32.1058273315	-0.248474121094	0.0
1980.0	3.0	7678.0	112.0	97.488495	-39.49509	3.541827	-15.4596440242	37.6216278076	-0.203552246094	0.0
1980.0	3.0	7678.0	113.0	102.772057	-40.445595	3.751139	-19.9983004056	62.034034729	-0.1298828125	0.0
1980.0	3.0	7678.0	114.0	108.490593	-42.342472	3.778688	-20.4646817721	62.4137763977	-0.147094726562	0.0
1980.0	3.0	7873.0	115.0	-94.213501	-59.601395	4.263689	-9.31703587582	26.7567634583	-0.289306640625	0.0
1980.0	3.0	7873.0	116.0	-90.280945	-61.105789	6.117268	-8.41564086914	19.4730453491	-0.667358398438	1.0
1980.0	3.0	7873.0	117.0	-87.98175	-62.335899	6.995681	-9.32124145508	19.3205490112	-0.737060546875	1.0
1980.0	3.0	7873.0	118.0	-86.910065	-63.000244	7.132061	-9.84162475586	13.872385025	-0.527954101562	1.0
1980.0	3.0	7873.0	119.0	-87.484589	-62.930092	6.648851	-10.4144897461	10.7457666397	-0.507629394531	1.0
1980.0	3.0	7873.0	120.0	-87.021667	-62.500038	4.843687	-10.6551318359	7.98872470856	-0.323852539062	0.0
1980.0	3.0	7873.0	121.0	-87.814606	-61.818523	4.921066	-10.221262207	14.6828489304	-0.295227050781	0.0
1980.0	3.0	7873.0	122.0	-87.659821	-61.111107	4.168089	-12.8538903809	21.5962734222	-0.165344238281	0.0
1980.0	3.0	7873.0	123.0	-87.621399	-60.67445	3.972867	-17.9939526367	20.8262500763	-0.0711059570312	0.0
1980.0	4.0	229.0	8.0	-112.216766	-64.633575	3.790457	-7.83032470703	22.6938037872	-0.345031738281	0.0
1980.0	4.0	229.0	9.0	-104.974762	-63.065163	3.626274	-6.26458862305	16.0748291016	-0.44873046875	1.0
1980.0	4.0	704.0	11.0	-83.020386	-62.562115	3.067023	-13.7234155273	38.0941123962	-0.348449707031	0.0
1980.0	4.0	704.0	12.0	-84.014221	-64.204529	3.986337	-14.8425708008	36.5710296631	-0.45263671875	0.0
1980.0	4.0	704.0	13.0	-85.705078	-64.956482	3.825953	-15.771262207	33.4003562927	-0.41259765625	0.0
1980.0	4.0	704.0	14.0	-86.132904	-63.59272	4.309869	-13.7662609863	30.0854473114	-0.563781738281	0.0
1980.0	4.0	704.0	15.0	-87.18512	-62.445606	4.933722	-13.2199743652	25.8673534393	-0.538818359375	0.0
1980.0	4.0	704.0	16.0	-87.013062	-61.079624	6.790785	-12.099564209	21.1250648499	-0.670593261719	0.0
1980.0	4.0	704.0	17.0	-85.13385	-59.390644	6.680372	-10.6999126234	18.8307933807	-0.599914550781	1.0
1980.0	4.0	704.0	18.0	-82.341797	-58.010918	5.423682	-9.26481226871	18.8876991272	-0.544067382812	1.0
1980.0	4.0	704.0	19.0	-79.164307	-57.113052	5.04784	-9.049433658	24.3476161957	-0.414855957031	1.0
1980.0	4.0	704.0	20.0	-75.588745	-56.741158	4.353592	-9.27314035516	22.7351589203	-0.362365722656	0.0
1980.0	4.0	704.0	21.0	-71.962341	-57.258068	4.08548	-9.1029373972	21.0983219147	-0.273254394531	0.0
1980.0	4.0	704.0	22.0	-69.697266	-58.190945	3.911248	-10.1912135074	25.5173511505	-0.237670898438	0.0
1980.0	4.0	704.0	23.0	-68.841461	-58.389103	4.476655	-11.2350544177	36.2351722717	-0.318969726562	0.0
1980.0	4.0	704.0	24.0	-68.274292	-58.576588	4.244899	-11.8265364797	40.2227134705	-0.346923828125	0.0
1980.0	4.0	704.0	25.0	-68.514008	-58.565422	4.075799	-11.2486508018	46.6034317017	-0.396118164062	0.0
1980.0	4.0	815.0	32.0	-153.320694	-55.048531	3.071274	-10.2678624203	21.9961299896	-0.323486328125	0.0
1980.0	4.0	815.0	33.0	-153.220108	-54.311443	3.391831	-9.4262486508	26.1773700714	-0.568664550781	1.0
1980.0	4.0	815.0	34.0	-153.36438	-52.178127	4.052005	-6.5060794228	27.4797096252	-0.404113769531	0.0
1980.0	4.0	815.0	35.0	-151.720581	-49.716896	3.688197	-5.0736405222	27.7393379211	-0.382202148438	0.0
1980.0	4.0	815.0	36.0	-148.531006	-48.036083	2.892455	-5.2916799692	34.1820030212	-0.203063964844	0.0
1980.0	4.0	815.0	37.0	-144.382507	-47.439095	2.927614	-6.88971416767	43.6395072937	-0.220947265625	0.0
1980.0	4.0	913.0	36.0	-148.773148	-50.646893	2.792831	-7.13771137438	31.0298633575	-0.606201171875	1.0
1980.0	4.0	1274.0	52.0	-65.407959	-61.162399	3.493016	-11.0000720215	36.7189559937	-0.4365234375	0.0
1980.0	4.0	1274.0	53.0	-64.511047	-60.658291	5.433647	-9.516953125	36.74559021	-0.618469238281	0.0
1980.0	4.0	1274.0	54.0	-62.768799	-59.056435	8.033417	-8.12494699579	36.0925979614	-0.532836914062	0.0
1980.0	4.0	1274.0	55.0	-60.601746	-57.342007	8.95557	-4.45648835835	32.6738510132	-0.635498046875	0.0
1980.0	4.0	1274.0	56.0	-58.164215	-55.735855	7.916276	-4.45796283923	33.6088447571	-0.521423339844	0.0
1980.0	4.0	1274.0	57.0	-54.919922	-54.083904	6.911078	-4.58099525853	32.87657547	-0.471740722656	0.0
1980.0	4.0	1274.0	58.0	-52.866852	-52.860199	5.55722	-3.41084691098	30.5307006836	-0.548278808594	1.0
1980.0	4.0	1274.0	59.0	-49.515961	-51.3685	3.723223	-5.54649112099	25.3851718903	-0.297058105469	0.0
1980.0	4.0	1276.0	52.0	-54.954315	-56.559151	3.802126	-9.5772448088	25.4345188141	-0.695434570312	1.0
1980.0	4.0	1276.0	53.0	-49.246246	-55.738564	5.570973	-11.3486360249	29.960111618	-0.529296875	1.0
1980.0	4.0	1276.0	54.0	-44.844604	-56.513535	7.0933	-11.0661155299	23.8632202148	-1.42504882812	1.0
1980.0	4.0	1276.0	55.0	-42.492767	-57.322914	6.2104	-10.4107666016	22.2167778015	-0.689025878906	1.0
1980.0	4.0	1276.0	56.0	-39.866669	-58.12619	5.644385	-9.42967465049	24.7896976471	-0.681640625	1.0
1980.0	4.0	1276.0	57.0	-36.425568	-59.350628	4.626479	-9.79026553505	19.962562561	-0.550170898438	1.0
1980.0	4.0	1402.0	58.0	-47.873749	-53.297764	5.622522	-8.6866198088	31.1266498566	-0.593933105469	1.0
1980.0	4.0	1402.0	59.0	-42.493927	-53.871765	6.120122	-12.8520668431	41.9299049377	-0.702819824219	0.0
1980.0	4.0	1402.0	60.0	-38.062775	-55.425373	6.802903	-13.5088693719	39.9086112976	-0.567687988281	0.0
1980.0	4.0	1402.0	61.0	-33.948395	-57.463009	8.299967	-14.2553213019	40.3729019165	-0.438598632812	0.0
1980.0	4.0	1564.0	50.0	-63.209625	-61.753704	6.740031	-12.9518139648	25.7749176025	-0.832336425781	0.0
1980.0	4.0	1564.0	51.0	-59.550262	-59.154087	4.875156	-10.2770193	23.6553821564	-0.409484863281	1.0
1980.0	4.0	2524.0	95.0	79.683617	-66.276695	7.075101	-11.9007568359	14.6957416534	-0.335144042969	0.0
1980.0	4.0	2524.0	96.0	82.75338	-65.978333	5.271009	-10.6395408229	15.9166574478	-0.172058105469	0.0
1980.0	4.0	2524.0	97.0	82.996391	-65.681313	3.678042	-8.27031276537	12.8668832779	-0.549682617188	1.0
1980.0	4.0	2524.0	98.0	82.440376	-65.456848	2.884038	-9.59772560813	10.2755594254	-0.513793945312	1.0
1980.0	5.0	6134.0	116.0	-0.1427	-58.79105	3.824353	-15.4499672338	26.7944507599	-0.100830078125	0.0
1980.0	5.0	6134.0	117.0	5.201405	-59.794827	4.413665	-11.9738006592	20.9481620789	-0.150817871094	0.0
1980.0	5.0	6134.0	118.0	10.01011	-60.431416	4.419383	-9.85728027344	19.6499271393	-1.17864990234	1.0
1980.0	5.0	6134.0	119.0	14.90495	-61.444828	3.526711	-9.20385498047	21.7216835022	-0.481018066406	1.0
1980.0	5.0	6406.0	113.0	170.864944	-68.406853	8.981492	-8.42185058594	13.4691534042	-0.07861328125	0.0
1980.0	5.0	6406.0	114.0	173.057419	-67.921852	8.582314	-8.55035752517	16.2236690521	-0.103393554688	0.0
1980.0	5.0	6406.0	115.0	176.762253	-66.783302	5.601077	-9.26278279622	16.4946861267	-0.0430297851562	0.0
1980.0	5.0	6406.0	116.0	-175.986801	-64.334938	4.383295	-7.44836914063	16.9842567444	0.0621337890625	0.0
1980.0	5.0	6406.0	117.0	-170.460022	-61.940346	4.549984	-5.69795654297	17.2204093933	-0.470947265625	1.0
1980.0	5.0	6406.0	118.0	-165.691711	-59.76469	3.733493	-5.9746639854	14.125670433	-0.132385253906	0.0
1980.0	6.0	7164.0	7.0	-38.25235	-30.62208	6.384154	-24.6831054688	69.0464019775	0.316955566406	0.0
1980.0	6.0	7164.0	8.0	-35.841583	-31.626352	7.816846	-25.0053077111	76.6620178223	-0.0042724609375	0.0
1980.0	6.0	7164.0	9.0	-34.175568	-31.654688	6.256608	-24.3317049467	79.0583267212	0.059814453125	0.0
1980.0	6.0	7164.0	10.0	-32.037567	-31.517374	4.693201	-23.817399245	79.8900985718	-0.00421142578125	0.0
1980.0	6.0	7164.0	11.0	-30.032928	-31.47543	4.86084	-24.0492929312	80.6309509277	-0.0672607421875	0.0
1980.0	6.0	7164.0	12.0	-28.20108	-31.343191	4.106329	-25.0479219877	79.9501342773	0.0406494140625	0.0
1980.0	6.0	7164.0	13.0	-28.048462	-31.200735	4.671721	-24.7511164347	79.4623565674	0.10107421875	0.0
1980.0	6.0	7164.0	14.0	-28.179993	-31.714041	7.198686	-25.1514939528	70.6158065796	0.142517089844	0.0
1980.0	6.0	7164.0	15.0	-27.394684	-32.826458	9.112272	-23.5876417894	68.234085083	-0.00311279296875	0.0
1980.0	6.0	7164.0	16.0	-26.056335	-33.553013	7.375415	-22.3907728929	61.0553588867	0.0717163085938	0.0
1980.0	6.0	7164.0	17.0	-24.109619	-34.367741	5.557768	-23.1579848069	57.6664276123	-0.0189208984375	0.0
1980.0	6.0	7164.0	18.0	-22.16745	-35.551113	3.621773	-22.6596491887	47.9650039673	0.0592651367188	0.0
1980.0	6.0	7164.0	19.0	-21.499786	-36.797321	3.650241	-22.799227201	61.5702018738	0.0445556640625	0.0
1980.0	6.0	7164.0	20.0	-19.760986	-38.86882	7.544361	-24.171475924	63.0555267334	0.075439453125	0.0
1980.0	6.0	7164.0	21.0	-17.461029	-40.959476	8.724718	-25.8436373197	61.4369659424	0.0482177734375	0.0
1980.0	6.0	7164.0	22.0	-14.889984	-42.970303	7.612935	-26.2757497934	58.1672210693	0.031494140625	0.0
1980.0	6.0	7164.0	23.0	-12.688538	-45.126175	7.677598	-23.0419546274	53.8866424561	0.0257568359375	0.0
1980.0	6.0	7164.0	24.0	-10.16333	-47.262863	7.927217	-21.9769920936	50.5291137695	-0.0872802734375	0.0
1980.0	6.0	7164.0	25.0	-7.542664	-49.189693	7.868524	-22.2471136796	53.8000793457	0.0218505859375	0.0
1980.0	6.0	7164.0	26.0	-4.697144	-50.996059	7.986321	-23.2588998895	58.3136901855	0.0052490234375	0.0
1980.0	6.0	7164.0	27.0	-1.5289	-52.791679	7.725544	-20.4015262001	54.4535217285	0.0734252929688	0.0
1980.0	6.0	7164.0	28.0	2.148234	-54.65308	6.061957	-16.4166789808	41.2566871643	0.1240234375	0.0
1980.0	6.0	7164.0	29.0	6.077083	-57.47337	4.308029	-10.0970121685	28.1325492859	0.126892089844	0.0
1980.0	6.0	7164.0	30.0	8.812213	-60.211487	6.087253	-6.3102400038	25.8043518066	-0.0574951171875	0.0
1980.0	6.0	7164.0	31.0	7.575587	-61.540081	6.281274	-9.63129679362	21.7149353027	0.150939941406	0.0
1980.0	6.0	7164.0	32.0	6.23033	-62.024178	8.860122	nan	20.3319416046	0.124694824219	0.0
1980.0	6.0	7164.0	33.0	5.843923	-61.313744	8.635361	nan	23.3945732117	-0.230834960938	0.0
1980.0	6.0	7164.0	34.0	7.340044	-60.218803	8.09918	-10.5211922782	24.9710273743	-0.303405761719	0.0
1980.0	6.0	7164.0	35.0	10.081095	-59.424206	8.155249	-9.69977770354	27.9945697784	-0.499755859375	1.0
1980.0	6.0	7164.0	36.0	13.518916	-58.984241	7.762424	-8.3660599558	24.4803161621	0.0676879882812	0.0
1980.0	6.0	7164.0	37.0	16.74194	-58.378349	6.405197	-9.68812641345	24.7688293457	0.01513671875	0.0
1980.0	6.0	7164.0	38.0	20.419527	-58.377064	3.665973	-11.65553364	45.2979507446	-0.00897216796875	0.0
1980.0	6.0	8929.0	91.0	168.276138	-57.404774	3.214705	-7.86087678608	24.6392383575	-0.395568847656	0.0
1980.0	6.0	8929.0	92.0	174.328217	-57.728409	5.422051	-7.58435379831	23.4698619843	-0.393371582031	0.0
1980.0	6.0	8929.0	93.0	178.628799	-58.408737	4.716785	-8.79638502333	25.5297698975	-0.669555664062	1.0
1980.0	6.0	8929.0	94.0	-175.514603	-57.984142	2.442435	-6.63892565275	27.4622592926	-0.196838378906	0.0
1980.0	6.0	9044.0	88.0	-93.000092	-51.262608	3.92013	-13.513944927	30.8122673035	0.0394287109375	0.0
1980.0	6.0	9044.0	89.0	-94.071625	-55.642685	4.532868	-6.650748805	18.7609233856	-0.153259277344	0.0
1980.0	6.0	9044.0	90.0	-92.620514	-57.457394	3.425211	-4.86851742393	14.3755407333	-0.530517578125	1.0
1980.0	7.0	57.0	0.0	51.523945	-44.564377	13.77138	-15.5397291917	29.8251781464	-1.92102050781	0.0
1980.0	7.0	57.0	1.0	53.066528	-44.805252	12.11043	-15.2442251352	29.8367195129	-0.941284179688	0.0
1980.0	7.0	57.0	2.0	55.922462	-44.167015	10.48339	-11.3096477802	28.299741745	-1.03845214844	0.0
1980.0	7.0	57.0	3.0	59.625809	-43.800354	5.91706	-9.04818256085	26.0598297119	-0.685546875	1.0
1980.0	7.0	361.0	14.0	19.912952	-56.061466	3.803643	-14.7039072137	45.2813682556	-0.1484375	0.0
1980.0	7.0	361.0	15.0	24.414133	-56.230347	4.622303	-13.943751285	42.726688385	-0.170104980469	0.0
1980.0	7.0	361.0	16.0	28.829969	-58.028648	3.065219	-11.0129282098	32.3920860291	-0.275695800781	0.0
1980.0	7.0	361.0	17.0	29.377867	-61.319202	4.27093	-8.27594970703	18.3580131531	-0.637817382812	1.0
1980.0	7.0	361.0	18.0	28.763908	-62.526539	6.09575	-6.80448608398	19.6066265106	-0.534240722656	0.0
1980.0	7.0	361.0	19.0	27.328074	-63.007275	7.686832	-6.54304504395	21.1119976044	-0.67578125	0.0
1980.0	7.0	361.0	20.0	26.768427	-63.096626	6.566077	nan	17.3874473572	-0.569091796875	0.0
1980.0	7.0	436.0	18.0	18.831944	-44.617207	3.242005	-22.8915029672	58.4441680908	-0.2626953125	0.0
1980.0	7.0	436.0	19.0	24.725031	-45.423885	4.110445	-22.9842177171	58.0118751526	-0.212524414062	0.0
1980.0	7.0	436.0	20.0	31.060165	-46.411785	4.725031	-23.6013746995	59.2311935425	-0.339538574219	0.0
1980.0	7.0	436.0	21.0	37.959354	-47.810616	5.481049	-24.9363825871	60.6388511658	-0.219421386719	0.0
1980.0	7.0	436.0	22.0	43.974377	-49.247379	6.224425	-24.5126953125	62.5163459778	-0.680786132812	0.0
1980.0	7.0	436.0	23.0	49.730255	-51.084854	4.626997	-22.8123168945	62.1958465576	-0.580200195312	0.0
1980.0	7.0	436.0	24.0	52.749352	-53.593903	5.726882	-15.6448797929	37.4944343567	-0.580261230469	0.0
1980.0	7.0	436.0	25.0	56.339657	-55.132938	10.93858	-13.0647759689	22.7192020416	-1.19622802734	0.0
1980.0	7.0	436.0	26.0	58.046612	-55.928055	10.64559	-10.9692768298	23.4780197144	-1.05780029297	0.0
1980.0	7.0	436.0	27.0	60.216618	-55.732006	8.724194	-10.1039444773	24.6366062164	-1.02301025391	1.0
1980.0	7.0	436.0	28.0	63.354355	-54.716618	6.800596	-9.35334697523	24.3646068573	-0.963623046875	1.0
1980.0	7.0	436.0	29.0	67.628693	-53.739697	6.358512	-9.59137444747	28.0459823608	-0.778198242188	1.0
1980.0	7.0	436.0	30.0	72.603249	-52.914856	6.207387	-8.81087935598	27.1807785034	-0.755615234375	1.0
1980.0	7.0	436.0	31.0	77.746132	-52.115486	5.117146	-7.92263312089	24.2026424408	-0.434692382812	1.0
1980.0	7.0	436.0	32.0	82.804344	-51.514114	5.255804	-6.460084614	28.4323329926	-0.504943847656	1.0
1980.0	7.0	436.0	33.0	86.674767	-50.589272	5.513319	-5.30172729492	26.9657859802	-0.341979980469	0.0
1980.0	7.0	436.0	34.0	90.347542	-49.60656	4.550997	-5.17020295796	25.7882976532	-0.334106445312	0.0
1980.0	7.0	436.0	35.0	93.999557	-48.130611	4.436722	-5.59638155424	22.7210025787	-0.223693847656	0.0
1980.0	7.0	436.0	36.0	97.367523	-45.930702	4.605319	-5.23250873272	21.5355854034	-0.155883789062	0.0
1980.0	7.0	436.0	37.0	100.541534	-43.585274	4.042836	-6.83579195463	34.7398300171	-0.0991821289062	0.0
1980.0	7.0	436.0	38.0	103.373085	-40.777233	3.907948	-7.81507286659	35.4672966003	-0.0784912109375	0.0
1980.0	7.0	436.0	39.0	106.020515	-38.913712	3.834535	-9.67806772085	42.4955596924	-0.0432739257812	0.0
1980.0	7.0	436.0	40.0	108.182106	-36.413071	2.91182	-10.2745525654	47.3137359619	-0.0289306640625	0.0
1980.0	7.0	672.0	28.0	16.235172	-52.382099	8.018253	-29.0855937757	56.7231864929	-0.605407714844	0.0
1980.0	7.0	672.0	29.0	23.319122	-54.587593	5.156428	-27.1670243113	62.1516342163	-0.512573242188	0.0
1980.0	7.0	672.0	30.0	30.60973	-57.622829	3.388196	-21.0005830464	52.9398231506	-0.301025390625	0.0
1980.0	7.0	672.0	31.0	37.290939	-60.516376	5.642435	-18.7460998535	32.0416412354	-0.475280761719	0.0
1980.0	7.0	672.0	32.0	38.542118	-62.249329	6.91178	-16.8068656921	18.2469978333	-0.749389648438	0.0
1980.0	7.0	672.0	33.0	37.457699	-62.502888	5.620869	-15.8367919922	17.7100334167	-0.740051269531	0.0
1980.0	7.0	672.0	34.0	37.362221	-62.209801	6.018286	-14.9411289381	14.6539211273	-0.877868652344	0.0
1980.0	7.0	672.0	35.0	38.154003	-60.732113	5.174952	-14.2806066895	18.3239364624	-0.751525878906	0.0
1980.0	7.0	672.0	36.0	43.340588	-57.628162	5.989761	-13.5430972451	25.7588577271	-0.559997558594	0.0
1980.0	7.0	672.0	37.0	50.619034	-55.801182	6.027339	-11.0744901958	26.5069351196	-0.546630859375	0.0
1980.0	7.0	672.0	38.0	57.28952	-54.945408	4.881899	-8.99200760691	27.3497142792	-0.531127929688	1.0
1980.0	7.0	796.0	28.0	15.668743	-58.982838	6.514444	-20.8390808105	54.9590072632	-0.733947753906	0.0
1980.0	7.0	796.0	29.0	15.583985	-58.717674	6.044419	-16.3493347168	25.0221881866	-0.906921386719	0.0
1980.0	7.0	796.0	30.0	16.658161	-57.94931	6.041997	-10.4563228062	18.4670200348	-0.868591308594	0.0
1980.0	7.0	796.0	31.0	20.203533	-56.908966	7.164016	-8.04711914062	18.4436912537	-0.665466308594	1.0
1980.0	7.0	796.0	32.0	25.536001	-56.148361	6.510999	-6.70646587171	21.6364059448	-0.565979003906	1.0
1980.0	7.0	796.0	33.0	31.981823	-55.553123	4.570978	-5.87009951943	26.6957092285	-0.394470214844	0.0
1980.0	7.0	828.0	22.0	27.980646	-62.001488	5.426225	-6.23887634277	21.3949012756	-0.623657226562	0.0
1980.0	7.0	828.0	23.0	30.314157	-60.285816	5.233634	-5.9303112793	23.2346801758	-0.453735351562	1.0
1980.0	7.0	828.0	24.0	33.878429	-59.55999	4.87797	-5.82604016756	21.5501499176	-0.224365234375	0.0
1980.0	7.0	828.0	25.0	37.719688	-58.574875	2.811615	-6.92052901419	27.2297401428	-0.160522460938	0.0
1980.0	7.0	859.0	31.0	166.801712	-50.81345	4.767861	-11.9150888543	31.5923576355	-0.549499511719	0.0
1980.0	7.0	859.0	32.0	167.675919	-50.463043	6.042391	-10.6155957674	29.2369289398	-0.565124511719	1.0
1980.0	7.0	859.0	33.0	168.328674	-49.464554	7.234056	-10.1621302554	27.0250320435	-0.635131835938	1.0
1980.0	7.0	859.0	34.0	169.772034	-48.407063	7.435122	-9.88233546207	18.3688278198	-0.846252441406	0.0
1980.0	7.0	859.0	35.0	172.045029	-47.142597	5.490543	-10.4388169509	13.3907575607	-0.385437011719	0.0
1980.0	7.0	859.0	36.0	175.02887	-45.816162	4.692354	-11.1783212515	11.9535217285	-0.296997070312	0.0
1980.0	7.0	859.0	37.0	177.875046	-45.04118	3.292187	-10.6011939416	14.5523271561	-0.174682617188	0.0
1980.0	7.0	859.0	38.0	-178.495834	-44.90036	2.634778	-10.7474928636	23.6888160706	-0.0942993164062	0.0
1980.0	7.0	941.0	34.0	-67.283173	-52.659779	3.768381	-20.5633934869	55.2674217224	-0.214172363281	0.0
1980.0	7.0	941.0	35.0	-62.085815	-52.110771	3.759961	-17.7064785428	49.9296607971	-0.364685058594	0.0
1980.0	7.0	941.0	36.0	-55.693481	-51.931538	4.877719	-14.0755358244	46.3424987793	-0.526123046875	0.0
1980.0	7.0	941.0	37.0	-50.519836	-52.142643	5.524309	-11.8389555279	29.7727680206	-0.626220703125	0.0
1980.0	7.0	941.0	38.0	-46.303802	-52.337708	6.172403	-10.3984744423	14.8099040985	-0.727355957031	1.0
1980.0	7.0	941.0	39.0	-41.339813	-51.849392	4.928113	-11.0018246299	14.12458992	-0.642761230469	0.0
1980.0	7.0	1014.0	37.0	165.222702	-49.744305	2.832559	-9.05143175627	20.6517677307	-0.428649902344	1.0
1980.0	7.0	1014.0	38.0	168.184723	-48.650124	3.632596	-8.29607511822	21.4639987946	-0.46923828125	1.0
1980.0	7.0	1060.0	39.0	166.323944	-51.937176	3.168488	-8.8324022795	21.254650116	-0.335876464844	0.0
1980.0	7.0	1060.0	40.0	168.040741	-50.828983	3.181442	-9.01174284282	20.3454875946	-0.504028320312	1.0
1980.0	7.0	1060.0	41.0	170.776108	-51.275677	3.363253	-10.2007896022	21.5383911133	-0.550659179688	0.0
1980.0	7.0	1060.0	42.0	174.128067	-52.625019	3.54685	-9.13844379626	23.5022354126	-0.562866210938	1.0
1980.0	7.0	1089.0	40.0	-33.445282	-52.107651	4.446115	-11.741530569	19.9330253601	-0.457336425781	0.0
1980.0	7.0	1089.0	41.0	-29.210632	-52.605694	6.982288	-11.7238255551	18.626739502	-0.68115234375	0.0
1980.0	7.0	1089.0	42.0	-25.171692	-52.472755	7.793616	-10.9120884946	15.7891330719	-0.580383300781	0.0
1980.0	7.0	1089.0	43.0	-20.685974	-51.880039	7.612956	-10.2280899851	17.8386211395	-0.52294921875	1.0
1980.0	7.0	1089.0	44.0	-15.563568	-51.14603	6.026799	-9.58332262541	22.4238166809	-0.553833007812	1.0
1980.0	7.0	1089.0	45.0	-9.491913	-50.386948	4.161942	-10.3917669999	26.4568138123	-0.351379394531	0.0
1980.0	7.0	1089.0	46.0	-2.899567	-50.066837	3.804094	-10.137844688	33.6200790405	-0.343627929688	0.0
1980.0	7.0	1089.0	47.0	3.083799	-49.526165	3.101422	-10.2726151316	37.9112930298	-0.218444824219	0.0
1980.0	7.0	1278.0	48.0	179.3638	-46.819115	3.313032	-8.70940144857	30.7662754059	-0.668151855469	1.0
1980.0	7.0	1665.0	42.0	177.501831	-41.763515	4.196388	-9.32775174654	24.3159255981	-0.324340820312	0.0
1980.0	7.0	1665.0	43.0	179.185043	-41.321896	5.549451	-8.95482381185	23.1794395447	-0.505432128906	1.0
1980.0	7.0	1665.0	44.0	-178.523804	-40.427418	5.910572	-7.84141657903	23.0643539429	-0.423889160156	1.0
1980.0	7.0	1665.0	45.0	-176.218658	-39.631126	3.947984	-7.72797804612	21.2681503296	-0.271179199219	0.0
1980.0	7.0	1665.0	46.0	-172.646591	-39.918324	2.624363	-8.40272639348	23.1969604492	-0.224426269531	0.0
1980.0	7.0	1665.0	47.0	-169.321548	-41.103798	2.757839	-9.45481755183	21.5292778015	-0.167541503906	0.0
1980.0	7.0	1824.0	63.0	-156.174423	-58.167843	3.290838	-7.10827957956	25.7563686371	-0.398681640625	0.0
1980.0	7.0	1824.0	64.0	-153.287933	-59.2841	4.86705	-7.80486096834	29.1448841095	-0.394714355469	0.0
1980.0	7.0	1824.0	65.0	-153.952209	-63.271046	6.693703	-10.6404797363	24.1640758514	-1.45916748047	1.0
1980.0	7.0	1824.0	66.0	-158.535385	-65.080971	8.765149	-9.5608859592	25.2902240753	-1.24133300781	0.0
1980.0	7.0	1824.0	67.0	-163.877777	-64.468185	8.283808	-9.75770187378	29.9844684601	-0.960571289062	0.0
1980.0	7.0	1824.0	68.0	-166.581421	-61.861355	6.739963	-6.73631958008	34.5725364685	-1.099609375	0.0
1980.0	7.0	1824.0	69.0	-166.136368	-59.220989	7.533449	-3.59158164576	36.0234336853	-0.855041503906	0.0
1980.0	7.0	1824.0	70.0	-164.114029	-56.950085	7.668527	-1.54713199013	32.5991630554	-0.793212890625	0.0
1980.0	7.0	1824.0	71.0	-160.818085	-55.216385	7.092285	-1.762324283	20.413312912	-0.928833007812	1.0
1980.0	7.0	1824.0	72.0	-157.110306	-53.941883	7.511784	-1.91497481497	16.7285842896	-0.623168945312	1.0
1980.0	7.0	1824.0	73.0	-152.899612	-52.857903	7.837133	-3.57170667146	31.0880908966	-0.828735351562	1.0
1980.0	7.0	1824.0	74.0	-148.367844	-52.343079	7.697707	-3.56250321238	34.3277778625	-0.537109375	0.0
1980.0	7.0	1824.0	75.0	-143.751938	-52.548264	6.283226	-5.41205797697	45.017490387	-0.637023925781	0.0
1980.0	7.0	1824.0	76.0	-138.50148	-54.641407	5.208944	-7.6601980109	46.208114624	-0.3662109375	0.0
1980.0	7.0	1824.0	77.0	-136.393555	-56.373528	5.41584	-10.6464426141	40.1473655701	-0.44921875	0.0
1980.0	7.0	1824.0	78.0	-134.672333	-57.093307	4.873378	-10.6346178557	50.500579834	-0.363586425781	0.0
1980.0	7.0	1824.0	79.0	-132.023758	-57.190453	5.136234	-10.467069927	54.408367157	-0.299133300781	0.0
1980.0	7.0	1824.0	80.0	-128.790009	-57.466377	4.291578	-10.9154213353	58.0490875244	-0.107238769531	0.0
1980.0	7.0	1824.0	81.0	-124.816147	-56.720848	3.138994	-12.0442151521	49.520324707	-0.0291137695312	0.0
1980.0	7.0	1863.0	64.0	-28.137054	-57.837082	5.164106	nan	30.0422306061	-0.593994140625	0.0
1980.0	7.0	1863.0	65.0	-26.941956	-59.76403	6.155275	nan	25.1255779266	-0.826049804688	0.0
1980.0	7.0	1863.0	66.0	-28.883545	-59.523216	7.00511	nan	16.7456417084	-0.801818847656	0.0
1980.0	7.0	1863.0	67.0	-29.225067	-59.178429	9.898177	nan	16.4900569916	-0.956909179688	0.0
1980.0	7.0	1863.0	68.0	-29.13736	-58.549953	9.885721	nan	19.5884685516	-1.11212158203	0.0
1980.0	7.0	1863.0	69.0	-28.126129	-57.646034	8.768529	nan	25.2471828461	-0.763793945312	0.0
1980.0	7.0	1863.0	70.0	-26.71051	-56.783009	6.881763	nan	28.4996738434	-0.677856445312	0.0
1980.0	7.0	1863.0	71.0	-25.67218	-56.03297	5.733612	-8.78446451823	28.7373867035	-0.433959960938	0.0
1980.0	7.0	1863.0	72.0	-24.55603	-55.181156	4.94221	-7.54111360249	29.6244544983	-0.475036621094	1.0
1980.0	7.0	1863.0	73.0	-23.394958	-54.172115	4.213714	-7.10567916067	26.1988239288	-0.376403808594	0.0
1980.0	7.0	1863.0	74.0	-22.207153	-52.894142	3.799657	-6.32607710989	27.5151729584	-0.4052734375	0.0
1980.0	7.0	1885.0	65.0	-155.971924	-51.867664	2.675661	-3.65251239977	32.3749732971	-0.207824707031	0.0
1980.0	7.0	1885.0	66.0	-150.440979	-54.500107	4.292501	-5.40806178043	41.1203117371	-0.259643554688	0.0
1980.0	7.0	1885.0	67.0	-147.320007	-57.798153	7.98924	-7.84834691098	37.6538772583	-0.433349609375	0.0
1980.0	7.0	1885.0	68.0	-146.411789	-60.620777	12.24419	-9.52275512695	36.5611228943	-1.25079345703	0.0
1980.0	7.0	1885.0	69.0	-147.537399	-62.279579	14.27555	-9.85466430664	25.6198635101	-1.47131347656	1.0
1980.0	7.0	1885.0	70.0	-149.441803	-63.058647	13.76045	-7.82126586914	22.3032512665	-1.732421875	1.0
1980.0	7.0	1885.0	71.0	-149.61702	-63.102718	12.10071	-8.21852783203	22.7043743134	-1.4072265625	1.0
1980.0	7.0	1885.0	72.0	-148.508255	-63.22411	9.374224	-9.50828491211	31.7969741821	-1.32659912109	0.0
1980.0	7.0	2129.0	76.0	-171.148621	-61.997406	3.183434	-13.5446313477	46.930557251	-0.218139648438	0.0
1980.0	7.0	2129.0	77.0	-165.503159	-62.02158	3.994002	-10.9776477051	26.4864463806	-0.451416015625	1.0
1980.0	7.0	2129.0	78.0	-159.384796	-62.613342	4.140769	-7.81130126953	20.9801959991	-0.305603027344	0.0
1980.0	7.0	2129.0	79.0	-156.860138	-63.079651	5.30298	-7.8719140625	25.4779129028	-0.452758789062	1.0
1980.0	7.0	2129.0	80.0	-155.000397	-63.231018	3.748303	-8.22583374023	26.4337844849	-0.369812011719	0.0
1980.0	7.0	2410.0	88.0	-95.476746	-36.494408	2.914619	-12.0956538274	34.0913619995	-0.0626831054688	0.0
1980.0	7.0	2410.0	89.0	-92.172729	-36.486324	2.668509	-11.7637094351	34.4055671692	-0.0802612304688	0.0
1980.0	7.0	2410.0	90.0	-90.186096	-38.872662	2.659414	-10.2672189566	24.8243293762	-0.276123046875	0.0
1980.0	7.0	2410.0	91.0	-89.920471	-40.482388	3.395797	-10.5238201435	15.6303520203	-0.37841796875	0.0
1980.0	7.0	2410.0	92.0	-90.00061	-40.759239	4.270651	-10.9088087816	13.875544548	-0.465637207031	1.0
1980.0	7.0	2410.0	93.0	-89.314789	-39.989552	2.850775	-10.6592125526	14.4498443604	-0.245971679688	0.0
1980.0	7.0	2435.0	89.0	145.423935	-58.731369	6.283843	-27.249530993	44.7252082825	-0.425842285156	0.0
1980.0	7.0	2435.0	90.0	151.627579	-57.470898	5.462043	-24.7381752416	42.3984375	-0.3896484375	0.0
1980.0	7.0	2435.0	91.0	157.785645	-56.400364	4.133546	-21.0500713148	44.2645759583	-0.536865234375	0.0
1980.0	7.0	2435.0	92.0	164.01088	-54.299908	4.01395	-17.8391466643	42.2302055359	-0.550354003906	0.0
1980.0	7.0	2435.0	93.0	169.321518	-51.819504	4.409737	-14.0235900879	39.1074714661	-0.520263671875	0.0
1980.0	7.0	2435.0	94.0	173.929947	-48.930531	6.468192	-12.7375873766	32.4987068176	-0.74462890625	0.0
1980.0	7.0	2435.0	95.0	177.904938	-46.588398	7.609623	-11.4834571252	28.6832046509	-0.386901855469	0.0
1980.0	7.0	2435.0	96.0	-177.937683	-44.764015	6.281375	-9.56423245944	26.168636322	-0.557495117188	1.0
1980.0	7.0	2435.0	97.0	-173.540298	-43.537819	6.641058	-8.59193537785	23.6955280304	-0.408874511719	0.0
1980.0	7.0	2435.0	98.0	-169.521713	-42.832829	6.766976	-8.55300433819	22.65807724	-0.458557128906	1.0
1980.0	7.0	2435.0	99.0	-164.848358	-43.025749	7.424618	-9.68602107121	26.6837463379	-0.601196289062	1.0
1980.0	7.0	2435.0	100.0	-160.56279	-43.995163	6.890386	-10.5679720365	41.9365577698	-0.600891113281	0.0
1980.0	7.0	2435.0	101.0	-156.189865	-46.027	8.06234	-11.7208580604	43.2528533936	-1.00451660156	0.0
1980.0	7.0	2435.0	102.0	-153.241638	-48.303993	10.39738	-12.3395851537	45.6953048706	-1.27136230469	0.0
1980.0	7.0	2435.0	103.0	-151.620438	-49.885975	12.15361	-11.5857929431	44.0020179749	-1.42327880859	0.0
1980.0	7.0	2435.0	104.0	-150.902557	-51.183117	11.38847	-10.1830187346	45.5793151855	-1.99450683594	0.0
1980.0	7.0	2435.0	105.0	-150.070068	-52.467117	10.96603	-10.4470375463	45.5994033813	-1.70306396484	0.0
1980.0	7.0	2435.0	106.0	-149.276031	-54.197289	10.29948	-10.471743935	40.8093757629	-1.17840576172	0.0
1980.0	7.0	2435.0	107.0	-148.884735	-56.477512	8.56559	-11.7712225663	47.2848167419	-0.948425292969	0.0
1980.0	7.0	2435.0	108.0	-149.461258	-59.010242	6.292198	-13.0797681307	45.7902450562	-0.531860351562	0.0
1980.0	7.0	2435.0	109.0	-151.102951	-61.934673	4.624042	-14.5562731934	43.9311408997	-0.541687011719	0.0
1980.0	7.0	2435.0	110.0	-153.175903	-64.615944	3.643662	-15.8663781738	42.2267303467	-0.243225097656	0.0
1980.0	7.0	2537.0	75.0	165.339218	-64.36879	3.326469	nan	47.051322937	0.015625	0.0
1980.0	7.0	2537.0	76.0	163.693451	-63.937096	3.307834	nan	37.6030807495	0.0368041992188	0.0
1980.0	7.0	2537.0	77.0	162.144287	-64.082787	3.792662	nan	29.8763561249	-0.016357421875	0.0
1980.0	7.0	2537.0	78.0	162.147507	-64.025352	3.653687	nan	26.6907348633	-0.0546264648438	0.0
1980.0	7.0	2537.0	79.0	163.125	-63.780628	3.705301	nan	26.0843601227	-0.0868530273438	0.0
1980.0	7.0	2537.0	80.0	166.582153	-62.387852	2.896844	-15.9612698025	24.2224121094	-0.267456054688	0.0
1980.0	7.0	2537.0	81.0	174.530304	-60.798752	4.22301	-12.5569714355	25.4330997467	-0.664611816406	0.0
1980.0	7.0	2537.0	82.0	-178.884384	-60.338989	5.221102	-11.0913293457	21.2034378052	-0.755859375	1.0
1980.0	7.0	2537.0	83.0	-172.046783	-60.728291	7.337133	-11.2305944824	16.5723953247	-0.767578125	1.0
1980.0	7.0	2537.0	84.0	-166.929672	-60.632401	7.481686	-10.4036743164	28.5944709778	-0.8583984375	1.0
1980.0	7.0	2537.0	85.0	-161.912354	-61.497417	6.639676	-11.8515881348	27.5328598022	-0.930297851562	0.0
1980.0	7.0	2537.0	86.0	-158.290939	-61.818745	5.784777	-11.7154907227	27.4035205841	-0.895935058594	0.0
1980.0	7.0	2537.0	87.0	-153.199295	-62.002037	4.263693	-11.4718933105	29.9202156067	-0.595886230469	0.0
1980.0	7.0	2537.0	88.0	-147.758972	-63.005035	3.766587	-11.8303149414	30.4606170654	-0.392517089844	0.0
1980.0	7.0	2537.0	89.0	-142.139648	-65.129066	3.219779	-12.1796240234	27.8996906281	-0.242980957031	0.0
1980.0	7.0	2647.0	71.0	80.855774	-57.20134	7.505127	-16.4673574347	31.0697288513	-0.849731445312	0.0
1980.0	7.0	2647.0	72.0	79.646294	-57.362274	7.101864	-14.1672644982	28.4211215973	-0.944030761719	0.0
1980.0	7.0	2647.0	73.0	79.883507	-57.476307	6.725433	-12.9793067345	33.5705528259	-0.822143554688	0.0
1980.0	7.0	2647.0	74.0	79.798958	-57.762749	5.542745	-12.4256286621	31.6466255188	-0.816162109375	0.0
1980.0	7.0	2647.0	75.0	79.065102	-57.350464	4.810647	-10.7230295035	31.8164043427	-0.724365234375	0.0
1980.0	7.0	2647.0	76.0	79.111496	-56.843914	4.590593	-10.5592024061	31.136259079	-0.618591308594	1.0
1980.0	7.0	2647.0	77.0	79.474533	-55.424385	4.927522	-9.00404920076	32.7809753418	-0.478454589844	0.0
1980.0	7.0	2647.0	78.0	81.335121	-53.7589	3.99946	-8.19980019017	32.521396637	-0.343933105469	0.0
1980.0	7.0	2647.0	79.0	83.710175	-52.20977	3.683079	-7.80050337942	25.6085014343	-0.327087402344	0.0
1980.0	7.0	2647.0	80.0	86.298271	-51.154182	2.656404	-6.32692517732	26.809923172	-0.248107910156	0.0
1980.0	7.0	2973.0	104.0	176.874466	-58.944855	4.362789	-7.14304391961	31.6621780396	-0.458862304688	0.0
1980.0	7.0	2973.0	105.0	-178.986206	-56.214844	7.268541	-6.52427753649	30.9900112152	-0.559875488281	1.0
1980.0	7.0	2973.0	106.0	-175.455658	-53.634266	8.355442	-4.69438251696	33.3755378723	-0.625671386719	0.0
1980.0	7.0	2973.0	107.0	-172.268494	-51.430855	7.985437	-4.96155267013	36.8312568665	-0.880493164062	0.0
1980.0	7.0	2973.0	108.0	-169.22731	-49.079517	7.310603	-4.25413111637	39.1382751465	-0.912353515625	0.0
1980.0	7.0	2973.0	109.0	-165.363251	-47.767212	6.096431	-4.16485595703	34.7695350647	-0.3974609375	0.0
1980.0	7.0	2973.0	110.0	-161.841019	-47.396942	4.67373	-3.89846567007	33.3993644714	-0.449768066406	0.0
1980.0	7.0	3132.0	110.0	-162.784805	-50.761967	3.738229	-6.14679597553	31.757768631	-0.886840820312	0.0
1980.0	7.0	3132.0	111.0	-163.096909	-51.07864	4.467892	-6.48849808542	34.2144317627	-0.873779296875	0.0
1980.0	7.0	3132.0	112.0	-163.849289	-49.635132	4.582207	-6.1586014597	35.3708534241	-0.834045410156	0.0
1980.0	7.0	3132.0	113.0	-163.589905	-47.979519	3.145406	-6.90504338191	34.4784545898	-0.416564941406	0.0
1980.0	7.0	3132.0	114.0	-163.081421	-46.157101	3.533259	-6.4761704665	30.3388442993	-0.439270019531	1.0
1980.0	7.0	3132.0	115.0	-162.10759	-44.521145	3.314776	-6.96831336388	31.4051551819	-0.228393554688	0.0
1980.0	7.0	3203.0	113.0	-59.280487	-59.044506	4.129358	-19.2515716553	36.7351608276	-0.0288696289062	0.0
1980.0	7.0	3203.0	114.0	-57.123688	-56.532455	3.868427	-14.6287472374	37.8312263489	-0.1513671875	0.0
1980.0	7.0	3203.0	115.0	-54.456543	-54.127346	2.8848	-12.4075237073	30.5997009277	-0.203552246094	0.0
1980.0	7.0	3203.0	116.0	-48.427032	-52.789726	3.161572	-9.72733025802	28.8986110687	-0.754089355469	1.0
1980.0	7.0	3203.0	117.0	-41.909515	-52.686298	4.689704	-8.49934949373	31.2864551544	-0.773620605469	1.0
1980.0	7.0	3203.0	118.0	-35.08493	-53.131676	5.103855	-7.17635144685	36.1622161865	-0.324645996094	0.0
1980.0	7.0	3203.0	119.0	-31.699249	-52.397396	4.234889	-7.91749331826	36.5423812866	-0.240112304688	0.0
1980.0	7.0	3326.0	118.0	69.36702	-51.096939	6.327608	-24.6527404785	55.3164253235	-0.599670410156	0.0
1980.0	7.0	3326.0	119.0	74.192436	-52.128342	7.604334	-18.1617479826	30.2486419678	-1.02807617188	0.0
1980.0	7.0	3326.0	120.0	78.814384	-53.52684	8.658038	-14.7433327123	18.4547996521	-1.39971923828	0.0
1980.0	7.0	3326.0	121.0	80.557808	-54.283627	9.047258	-12.7989453767	20.7007064819	-1.01580810547	0.0
1980.0	7.0	3326.0	122.0	81.457649	-53.78236	7.792545	-10.2474060059	24.666683197	-0.515625	0.0
1980.0	7.0	3326.0	123.0	83.927399	-53.307613	6.129156	-9.01378591437	30.2843170166	-0.468872070312	1.0
1980.0	7.0	3350.0	119.0	-167.484573	-41.133221	3.637276	-9.11372962365	45.3822402954	-0.264953613281	0.0
1980.0	7.0	3350.0	120.0	-163.748962	-37.971336	4.378525	-8.49487304688	32.5291252136	-0.261474609375	0.0
1980.0	7.0	3350.0	121.0	-159.318237	-36.068096	5.928762	-8.17060030424	31.5353908539	-0.312561035156	0.0
1980.0	7.0	3350.0	122.0	-154.661331	-35.531414	7.517936	-8.50191791241	27.4961166382	-0.444946289062	1.0
1980.0	7.0	3350.0	123.0	-150.306213	-36.126724	8.440471	-8.6361318735	27.7944507599	-0.534484863281	1.0
1980.0	8.0	3326.0	0.0	86.176765	-53.173	6.345676	-7.8706391987	30.9887905121	-0.821350097656	1.0
1980.0	8.0	3326.0	1.0	88.142387	-52.907288	6.268465	-7.49148880808	29.1654338837	-0.885437011719	1.0
1980.0	8.0	3326.0	2.0	89.960693	-52.819038	6.164612	-7.64020899722	32.9118385315	-0.819274902344	0.0
1980.0	8.0	3326.0	3.0	91.777847	-53.163437	6.277156	-7.95729787726	36.6297531128	-0.760681152344	0.0
1980.0	8.0	3326.0	4.0	92.872131	-53.259544	5.896201	-8.23598921926	35.6558761597	-0.504028320312	0.0
1980.0	8.0	3326.0	5.0	93.296005	-53.201511	5.443295	-7.6710494192	35.0838699341	-0.513061523438	0.0
1980.0	8.0	3326.0	6.0	94.349144	-52.779018	4.16871	-7.78370746813	34.1852684021	-0.408752441406	0.0
1980.0	8.0	3326.0	7.0	96.570625	-52.204563	4.511058	-8.15581954153	34.7991867065	-0.299865722656	0.0
1980.0	8.0	3326.0	8.0	99.576385	-51.969963	4.154787	-8.21852192126	32.4741363525	-0.241882324219	0.0
1980.0	8.0	3326.0	9.0	103.227043	-51.79467	3.449022	-8.79081806384	33.3075065613	-0.196350097656	0.0
1980.0	8.0	3326.0	10.0	106.573647	-51.580868	2.492229	-9.24639089484	28.5496196747	-0.166687011719	0.0
1980.0	8.0	3620.0	0.0	-43.622101	-54.879211	5.546739	-9.55569458008	32.9900817871	-0.618408203125	0.0
1980.0	8.0	3620.0	1.0	-37.912872	-54.536133	6.738323	-9.42090807463	33.6706809998	-0.57080078125	0.0
1980.0	8.0	3620.0	2.0	-32.078644	-55.016159	7.46545	-9.16213650174	24.0711708069	-0.826232910156	1.0
1980.0	8.0	3620.0	3.0	-27.469482	-55.780624	6.820336	nan	18.3564586639	-0.751647949219	0.0
1980.0	8.0	3620.0	4.0	-23.723511	-55.718334	5.059068	-7.9185295105	24.4668674469	-0.747131347656	0.0
1980.0	8.0	3884.0	11.0	-22.378296	-54.06237	4.325418	-6.61512194182	21.1482753754	-0.318176269531	0.0
1980.0	8.0	3884.0	12.0	-18.617157	-53.676968	5.11341	-4.99058613024	16.3848171234	-0.327331542969	0.0
1980.0	8.0	3884.0	13.0	-13.992828	-52.974777	5.214729	-4.42975977847	20.0437717438	-0.373901367188	0.0
1980.0	8.0	3884.0	14.0	-9.255005	-53.346687	5.847275	-5.7201939633	22.7836666107	-0.562438964844	1.0
1980.0	8.0	3884.0	15.0	-5.158173	-54.345463	5.856579	-6.48459344161	25.9856948853	-0.571411132812	1.0
1980.0	8.0	3884.0	16.0	-1.237457	-55.261929	5.507587	-8.25345255534	33.11743927	-0.739562988281	0.0
1980.0	8.0	3884.0	17.0	2.387254	-56.449745	5.554427	-10.616191864	33.9089355469	-0.856201171875	0.0
1980.0	8.0	3884.0	18.0	6.810328	-57.639927	4.800964	nan	37.0443725586	-0.307006835938	0.0
1980.0	8.0	3884.0	19.0	12.351521	-59.765717	3.86181	nan	36.2499923706	-0.391296386719	0.0
1980.0	8.0	4097.0	20.0	-6.839386	-52.30891	4.505556	-5.40539229544	22.079284668	-0.445739746094	1.0
1980.0	8.0	4097.0	21.0	-2.90271	-51.098042	6.467355	-5.09575934159	23.8536586761	-0.471130371094	1.0
1980.0	8.0	4097.0	22.0	1.402969	-50.028591	7.190152	-3.87878578588	24.3719997406	-0.461486816406	1.0
1980.0	8.0	4097.0	23.0	5.928319	-49.290871	7.497633	-4.17617797852	20.3382835388	-0.833557128906	1.0
1980.0	8.0	4097.0	24.0	11.745426	-49.175861	7.203547	-4.90483816046	18.0696811676	-0.414184570312	1.0
1980.0	8.0	4097.0	25.0	18.337566	-49.6222	6.729203	-5.59082673725	27.0264644623	-0.602661132812	1.0
1980.0	8.0	4097.0	26.0	25.094654	-50.80423	7.555395	-7.27943661338	29.2411079407	-1.07965087891	1.0
1980.0	8.0	4097.0	27.0	31.904259	-52.273266	7.982777	-7.07076223273	30.1900310516	-0.731994628906	1.0
1980.0	8.0	4133.0	22.0	79.80069	-45.279549	3.124428	-7.62606107272	31.7129478455	-0.126342773438	0.0
1980.0	8.0	4133.0	23.0	85.817581	-43.492455	3.17577	-7.18810800406	39.7397155762	-0.160705566406	0.0
1980.0	8.0	4133.0	24.0	91.884827	-43.538223	4.778861	-8.78497314453	34.6313400269	-0.260986328125	0.0
1980.0	8.0	4133.0	25.0	97.385391	-44.350887	6.272052	-9.88136174129	31.0846099854	-0.597717285156	1.0
1980.0	8.0	4133.0	26.0	102.299362	-46.23999	5.990383	-9.742772029	29.1102142334	-0.397033691406	0.0
1980.0	8.0	4133.0	27.0	104.535332	-47.269451	4.500246	-9.63970947266	23.9854183197	-0.725769042969	1.0
1980.0	8.0	4133.0	28.0	107.70005	-48.632538	6.499518	-10.6920262387	23.3860778809	-0.799621582031	0.0
1980.0	8.0	4133.0	29.0	111.686821	-49.441296	6.477592	-10.9807305587	32.0049209595	-0.614929199219	0.0
1980.0	8.0	4133.0	30.0	117.238937	-50.676762	5.263161	-11.1736642938	33.3854141235	-0.375	0.0
1980.0	8.0	4133.0	31.0	124.095543	-52.67384	3.325434	-12.3041783383	33.5776786804	-0.0451049804688	0.0
1980.0	8.0	4133.0	32.0	128.957016	-54.630184	3.049422	-13.0080486097	34.0491828918	-0.0084228515625	0.0
1980.0	8.0	4182.0	24.0	-173.234055	-41.894577	3.872669	-13.6755042443	42.8250083923	-0.324401855469	0.0
1980.0	8.0	4182.0	25.0	-170.727875	-42.931553	4.866222	-11.5782658504	29.4805049896	-0.34130859375	0.0
1980.0	8.0	4182.0	26.0	-170.046646	-44.049236	5.244067	-10.1056096004	30.0682907104	-0.464965820312	1.0
1980.0	8.0	4182.0	27.0	-170.387848	-44.182941	3.570268	-9.27580143855	37.3143730164	-0.304260253906	0.0
1980.0	8.0	4343.0	14.0	2.217044	-42.64529	3.415383	-27.664665809	81.4206924438	-0.211364746094	0.0
1980.0	8.0	4343.0	15.0	3.887854	-43.395397	3.832295	-28.1618112417	73.881690979	-0.155151367188	0.0
1980.0	8.0	4343.0	16.0	6.76208	-45.737885	4.296396	-28.6587594839	74.2639770508	-0.325378417969	0.0
1980.0	8.0	4343.0	17.0	10.242323	-48.454227	6.303332	-28.9461926912	74.2929153442	-0.357299804688	0.0
1980.0	8.0	4343.0	18.0	13.795308	-51.006649	6.375655	-30.0150981702	73.06980896	-0.664428710938	0.0
1980.0	8.0	4343.0	19.0	17.461615	-53.574871	5.575329	-29.92682206	67.1214828491	-0.441528320312	0.0
1980.0	8.0	4343.0	20.0	20.982109	-56.568226	6.306564	-28.6937705592	60.4936027527	-0.588928222656	0.0
1980.0	8.0	4343.0	21.0	24.313005	-59.108196	7.129489	-27.4638479132	55.1158218384	-0.450012207031	0.0
1980.0	8.0	4343.0	22.0	25.835016	-61.391479	10.4723	nan	42.4112739563	-0.928894042969	0.0
1980.0	8.0	4343.0	23.0	25.840111	-63.08886	12.73416	nan	28.8275775909	-1.34222412109	0.0
1980.0	8.0	4343.0	24.0	23.850306	-63.706467	12.07082	nan	19.6492023468	-1.55841064453	0.0
1980.0	8.0	4343.0	25.0	22.751114	-62.676338	10.08588	nan	20.6186637878	-1.44104003906	0.0
1980.0	8.0	4343.0	26.0	24.819607	-61.526161	6.863384	nan	22.3772468567	-1.29608154297	0.0
1980.0	8.0	4343.0	27.0	29.71977	-61.679932	6.637616	-10.5158004761	19.8186588287	-1.13311767578	0.0
1980.0	8.0	4343.0	28.0	33.008308	-62.130589	7.595355	-8.85468292236	17.435005188	-0.877014160156	0.0
1980.0	8.0	4343.0	29.0	34.687893	-62.296627	6.652542	nan	15.3357753754	-0.8408203125	0.0
1980.0	8.0	4343.0	30.0	37.056652	-61.781338	4.834425	-8.53882217407	14.8257131577	-0.688598632812	0.0
1980.0	8.0	4343.0	31.0	39.917122	-61.711548	3.852113	-7.93021527459	19.6322250366	-0.651733398438	0.0
1980.0	8.0	4343.0	32.0	42.630764	-61.711876	4.093048	-7.34933749112	21.2076072693	-0.523376464844	0.0
1980.0	8.0	4343.0	33.0	41.592144	-61.788502	3.615326	-6.92616577148	26.3949108124	-0.617065429688	0.0
1980.0	8.0	4343.0	34.0	42.947357	-61.407112	3.530737	-6.60706481934	27.5996627808	-0.630004882812	0.0
1980.0	8.0	4343.0	35.0	44.069412	-60.712582	4.309	-6.49850845337	25.5246124268	-0.497253417969	1.0
1980.0	8.0	4343.0	36.0	46.47438	-59.899876	3.744844	-5.93389731959	15.7549695969	-0.4814453125	1.0
1980.0	8.0	4431.0	29.0	48.402641	-57.174381	7.665012	-8.51016877827	24.3920555115	-0.466247558594	1.0
1980.0	8.0	4431.0	30.0	54.000576	-58.612282	7.86832	-8.1642552426	34.0157356262	-0.515625	0.0
1980.0	8.0	4431.0	31.0	57.133484	-59.513474	3.34581	-8.37889920748	24.2542629242	-0.421508789062	0.0
1980.0	8.0	4516.0	33.0	80.941505	-50.724079	4.668708	-28.9423731754	71.9710235596	-0.364013671875	0.0
1980.0	8.0	4516.0	34.0	89.221725	-50.822662	5.1113	-25.498123972	66.2680053711	-0.43408203125	0.0
1980.0	8.0	4516.0	35.0	97.430786	-50.375313	4.980001	-23.5405835603	63.7164611816	-0.27490234375	0.0
1980.0	8.0	4516.0	36.0	104.075882	-51.630543	4.671957	-20.6759498998	61.9844207764	-0.552490234375	0.0
1980.0	8.0	4516.0	37.0	108.903625	-53.489792	5.655889	-15.3754561575	26.6091823578	-0.744812011719	0.0
1980.0	8.0	4516.0	38.0	112.069832	-53.935215	7.979498	-11.9810196726	19.3222007751	-0.735046386719	0.0
1980.0	8.0	4516.0	39.0	117.123558	-53.460529	8.101111	-11.7993356805	18.1366615295	-0.761352539062	0.0
1980.0	8.0	4516.0	40.0	123.112213	-52.634197	6.466304	-9.72677451686	24.5362300873	-0.6630859375	1.0
1980.0	8.0	4516.0	41.0	128.82637	-51.947437	4.884192	-8.40371222245	26.0839958191	-0.453369140625	1.0
1980.0	8.0	4516.0	42.0	134.483994	-51.868946	3.569015	-7.41506476151	20.8496227264	-0.305725097656	0.0
1980.0	8.0	4516.0	43.0	139.899597	-52.020348	3.427107	-8.22678897255	19.9169273376	-0.428161621094	1.0
1980.0	8.0	4535.0	34.0	39.178661	-53.478977	4.696468	-11.1273675216	36.272693634	-0.401611328125	0.0
1980.0	8.0	4535.0	35.0	47.488808	-53.521912	5.323467	-9.60849320261	35.6827583313	-0.564819335938	0.0
1980.0	8.0	4535.0	36.0	55.386219	-54.283184	7.289109	-8.51634135999	30.7686882019	-0.614929199219	1.0
1980.0	8.0	4535.0	37.0	62.790562	-54.976665	7.082376	-8.53365607011	29.6726379395	-0.661071777344	1.0
1980.0	8.0	4535.0	38.0	70.853012	-55.79039	5.427668	-9.02824803403	32.145488739	-0.385070800781	0.0
1980.0	8.0	4535.0	39.0	79.205627	-56.318501	4.037735	-9.71100463867	33.5092468262	-0.468017578125	0.0
1980.0	8.0	4535.0	40.0	86.740013	-56.929089	3.312822	-8.00325253135	34.2509231567	-0.265808105469	0.0
1980.0	8.0	4535.0	41.0	95.194572	-56.748425	3.670293	-7.82732190584	35.2480316162	-0.257873535156	0.0
1980.0	8.0	4716.0	42.0	89.390747	-56.783421	4.528525	-7.92737458882	25.4291687012	-0.270874023438	0.0
1980.0	8.0	4716.0	43.0	93.790344	-56.864395	5.589513	-8.27494249846	17.596288681	-0.472106933594	1.0
1980.0	8.0	4716.0	44.0	98.732719	-57.138618	5.233504	-7.75440738076	17.9538822174	-0.584777832031	1.0
1980.0	8.0	4716.0	45.0	102.854912	-56.95507	5.021159	-7.46138241417	20.7534008026	-0.642028808594	1.0
1980.0	8.0	4716.0	46.0	106.78141	-56.678467	4.586179	-7.04408023232	21.0650653839	-0.624633789062	1.0
1980.0	8.0	4819.0	47.0	124.521484	-47.795006	3.921991	-13.4541320801	44.772064209	-0.403747558594	0.0
1980.0	8.0	4819.0	48.0	130.832657	-49.838753	5.663863	-12.3633824399	38.0319290161	-0.796203613281	0.0
1980.0	8.0	4819.0	49.0	134.006577	-51.615871	10.1628	-11.8514677349	25.7914104462	-1.35125732422	0.0
1980.0	8.0	4819.0	50.0	137.193359	-52.144917	12.10717	-10.5619169536	25.7186813354	-1.12225341797	1.0
1980.0	8.0	4819.0	51.0	139.309128	-51.731102	10.89375	-9.65400615491	25.4853172302	-0.905334472656	1.0
1980.0	8.0	4819.0	52.0	142.004944	-50.8685	10.03445	-9.08735737048	23.6518573761	-0.946533203125	1.0
1980.0	8.0	4819.0	53.0	145.133911	-49.878872	9.622373	-9.1038320441	23.7600841522	-0.74609375	1.0
1980.0	8.0	4819.0	54.0	149.487137	-49.415478	8.746099	-8.02967272307	23.7589035034	-0.611083984375	1.0
1980.0	8.0	4819.0	55.0	154.787262	-50.218704	7.5042	-10.2504930998	31.5596256256	-0.682678222656	0.0
1980.0	8.0	4822.0	47.0	119.087822	-54.565208	3.804851	-8.20305754009	18.7734069824	-0.403076171875	0.0
1980.0	8.0	4822.0	48.0	121.505005	-54.846729	3.996367	-7.47767880088	20.0043258667	-0.3984375	0.0
1980.0	8.0	4822.0	49.0	122.610062	-54.05864	4.604578	-7.52743690892	25.5305995941	-0.372619628906	0.0
1980.0	8.0	4822.0	50.0	124.157372	-52.886505	4.716287	-7.06714027806	27.4959545135	-0.559143066406	1.0
1980.0	8.0	4822.0	51.0	126.524078	-50.9758	3.724794	-6.72065012079	26.8915462494	-0.335632324219	0.0
1980.0	8.0	4822.0	52.0	128.938904	-48.953304	2.46287	-7.05009058902	42.9598045349	-0.247131347656	0.0
1980.0	8.0	4919.0	51.0	148.426193	-54.108143	6.599656	-9.17389076634	29.7886810303	-0.513977050781	1.0
1980.0	8.0	4919.0	52.0	153.804581	-54.736122	7.920818	-7.2694766396	21.1323547363	-0.596618652344	1.0
1980.0	8.0	4919.0	53.0	160.691956	-55.301929	6.405439	-8.06594688014	26.8273735046	-0.190124511719	0.0
1980.0	8.0	5236.0	56.0	159.136917	-50.573051	5.538528	-9.83476016396	27.6015510559	-0.5986328125	1.0
1980.0	8.0	5236.0	57.0	163.055466	-50.586899	4.855576	-9.06387810958	37.9849281311	-0.57275390625	0.0
1980.0	8.0	5236.0	58.0	166.206833	-50.639526	5.70258	-9.60892205489	36.6435165405	-0.640319824219	0.0
1980.0	8.0	5236.0	59.0	168.35759	-49.345306	7.22551	-10.2781034771	41.2446708679	-0.750671386719	0.0
1980.0	8.0	5236.0	60.0	170.567383	-48.554813	4.836837	-13.0861864592	47.279624939	-0.496948242188	0.0
1980.0	8.0	5299.0	60.0	119.935631	-51.414406	8.28837	-16.9654894377	50.4537124634	-1.11987304688	0.0
1980.0	8.0	5299.0	61.0	124.140015	-55.95837	13.45315	-16.3208361174	38.0804443359	-1.46173095703	0.0
1980.0	8.0	5299.0	62.0	125.123123	-58.821022	15.58589	-15.8854289808	30.8696269989	-1.49755859375	0.0
1980.0	8.0	5299.0	63.0	124.386436	-59.696568	13.37107	-13.9560354132	27.791059494	-1.33197021484	0.0
1980.0	8.0	5299.0	64.0	126.044807	-59.847683	10.8892	-12.9485570004	29.3712329865	-1.27233886719	0.0
1980.0	8.0	5299.0	65.0	128.748123	-60.050919	8.690288	-11.9438378906	29.9694957733	-1.30944824219	0.0
1980.0	8.0	5299.0	66.0	131.574478	-60.216541	7.524559	-11.0721105957	29.6225776672	-1.12457275391	0.0
1980.0	8.0	5299.0	67.0	134.988495	-60.256104	7.489964	-10.8527600098	30.6654834747	-0.960266113281	0.0
1980.0	8.0	5299.0	68.0	139.173355	-59.938976	7.04343	-10.093443218	30.1757907867	-0.880737304688	1.0
1980.0	8.0	5299.0	69.0	144.422394	-59.345264	6.632621	-9.57974885639	31.8682632446	-0.562866210938	0.0
1980.0	8.0	5299.0	70.0	150.807205	-58.792454	6.378837	-8.90823685495	18.7719287872	-0.573974609375	1.0
1980.0	8.0	5299.0	71.0	158.619431	-58.443554	5.062521	-8.08826968544	25.1175270081	-0.528869628906	1.0
1980.0	8.0	5299.0	72.0	166.685333	-58.452858	4.968718	-6.88014140882	21.7604427338	-0.463073730469	1.0
1980.0	8.0	5299.0	73.0	174.055344	-58.400715	4.288027	-6.77299419202	22.5126781464	-0.283203125	0.0
1980.0	8.0	5299.0	74.0	-179.711777	-58.557846	4.93271	-6.60307713559	20.5586261749	-0.247802734375	0.0
1980.0	8.0	5299.0	75.0	-175.100342	-58.598282	4.132286	-6.65964226974	16.8807296753	-0.305908203125	0.0
1980.0	8.0	5299.0	76.0	-171.349991	-58.708481	4.060155	-6.90735505757	18.2895088196	-0.353454589844	0.0
1980.0	8.0	5299.0	77.0	-168.322754	-58.245258	4.211487	-6.2638373124	23.9757442474	-0.336730957031	0.0
1980.0	8.0	5299.0	78.0	-165.103333	-57.731728	3.463343	-5.9866445441	22.6841831207	-0.272521972656	0.0
1980.0	8.0	5365.0	62.0	-134.634949	-56.282299	3.059091	-19.3727690044	62.1027565002	-0.410217285156	0.0
1980.0	8.0	5365.0	63.0	-126.92247	-56.121937	5.932121	-16.2049223247	59.4579162598	-0.608703613281	0.0
1980.0	8.0	5365.0	64.0	-117.92749	-54.677761	8.545254	-12.8451811138	38.5000915527	-0.910888671875	0.0
1980.0	8.0	5365.0	65.0	-110.319748	-53.195747	11.36424	-10.6470369038	23.18592453	-1.03387451172	0.0
1980.0	8.0	5365.0	66.0	-104.169434	-52.290081	10.63921	-9.93644473427	20.8579654694	-0.965270996094	1.0
1980.0	8.0	5365.0	67.0	-98.79068	-51.899857	8.733189	-9.73610165245	27.784702301	-0.883544921875	1.0
1980.0	8.0	5365.0	68.0	-93.830322	-51.923752	8.061872	-9.06331273129	22.465429306	-0.628234863281	1.0
1980.0	8.0	5365.0	69.0	-89.802917	-52.60899	7.010476	-9.35096981651	22.2964115143	-0.601379394531	1.0
1980.0	8.0	5365.0	70.0	-86.905334	-53.493187	5.880102	-9.02988473993	23.4661579132	-0.450744628906	1.0
1980.0	8.0	5365.0	71.0	-83.846039	-54.377193	4.759519	-9.47486315275	22.2795715332	-0.358154296875	0.0
1980.0	8.0	5365.0	72.0	-80.995087	-56.164555	3.998456	-9.24332628752	22.155620575	-0.335998535156	0.0
1980.0	8.0	5365.0	73.0	-78.882599	-57.447277	3.711363	-10.5286158512	15.8761405945	-0.312744140625	0.0
1980.0	8.0	5365.0	74.0	-78.827271	-59.023811	3.028821	-11.2408929122	15.1243104935	-0.307250976562	0.0
1980.0	8.0	5365.0	75.0	-78.892151	-59.213066	3.210453	-12.243568822	14.6573085785	-0.321655273438	0.0
1980.0	8.0	5569.0	70.0	-3.104065	-54.012043	3.56615	-10.5107566432	32.5499992371	-0.238952636719	0.0
1980.0	8.0	5569.0	71.0	2.427946	-54.21883	4.370025	-8.71418521279	24.7279682159	-0.356384277344	0.0
1980.0	8.0	5569.0	72.0	7.51474	-54.687294	5.818859	-6.97734917535	15.6629638672	-0.464233398438	0.0
1980.0	8.0	5569.0	73.0	11.733609	-54.532673	5.837309	-7.58836873372	16.8885173798	-0.546813964844	1.0
1980.0	8.0	5569.0	74.0	15.379285	-54.296791	5.883379	-7.87223093133	19.9590969086	-0.505981445312	1.0
1980.0	8.0	5569.0	75.0	18.806627	-53.926327	5.464103	-12.3557915939	45.6976242065	-0.425903320312	0.0
1980.0	8.0	5569.0	76.0	23.156097	-53.637081	5.097758	-14.451478657	44.827041626	-0.257873535156	0.0
1980.0	8.0	5569.0	77.0	28.676998	-53.608212	4.410978	-13.8656728644	56.0231208801	-0.20654296875	0.0
1980.0	8.0	5569.0	78.0	35.066368	-53.060364	3.60184	-12.7458014237	53.7252922058	-0.148742675781	0.0
1980.0	8.0	5569.0	79.0	41.586308	-52.261402	3.509857	-13.6394781815	50.4023704529	-0.0913696289062	0.0
1980.0	8.0	5569.0	80.0	46.545387	-51.043045	3.532072	-17.572922556	52.8442459106	-0.0568237304688	0.0
1980.0	8.0	5569.0	81.0	53.433308	-51.587326	3.878005	-13.5433429919	37.5174484253	-0.106018066406	0.0
1980.0	8.0	5569.0	82.0	58.973446	-52.314537	4.301484	-11.8458011025	30.8492450714	-0.188720703125	0.0
1980.0	8.0	5569.0	83.0	61.790855	-53.219402	4.272242	-13.105169999	43.8250617981	-0.485900878906	0.0
1980.0	8.0	5720.0	77.0	19.801849	-57.047901	3.419113	-14.3816986084	40.5072822571	0.0147094726562	0.0
1980.0	8.0	5720.0	78.0	25.545696	-56.178066	4.174187	-12.8814809699	43.6913795471	-0.0116577148438	0.0
1980.0	8.0	5720.0	79.0	32.341221	-55.700706	3.898365	-9.89522030479	41.2881088257	-0.0895385742188	0.0
1980.0	8.0	5720.0	80.0	37.681488	-55.503529	3.699502	-7.80540707237	31.3504962921	-0.120910644531	0.0
1980.0	8.0	5720.0	81.0	42.522942	-54.848328	4.313274	-6.18957519531	25.8826408386	-0.306030273438	0.0
1980.0	8.0	5720.0	82.0	46.852421	-53.892544	5.684556	-4.92857762387	22.059885025	-0.318176269531	0.0
1980.0	8.0	5720.0	83.0	50.856594	-52.579121	5.251337	-5.14629002621	28.2815418243	-0.459533691406	1.0
1980.0	8.0	5720.0	84.0	54.993813	-50.639919	3.91177	-5.11439112613	39.4766235352	-0.29345703125	0.0
1980.0	8.0	5720.0	85.0	59.74123	-48.252335	3.401138	-5.19569316663	44.4620170593	-0.109924316406	0.0
1980.0	8.0	5720.0	86.0	66.074898	-46.075172	3.730043	-3.82060828576	47.9257507324	-0.110412597656	0.0
1980.0	8.0	5720.0	87.0	71.182472	-45.511032	3.748238	-2.50405883789	48.4403343201	-0.041748046875	0.0
1980.0	8.0	5720.0	88.0	75.870468	-45.258259	3.799368	-2.32083599384	47.0007972717	-0.03857421875	0.0
1980.0	8.0	5720.0	89.0	80.043152	-44.774197	3.76441	-3.30853975736	44.5055999756	-0.101196289062	0.0
1980.0	8.0	5720.0	90.0	84.426407	-45.189545	4.840413	-3.81834763747	44.5230941772	-0.101318359375	0.0
1980.0	8.0	5720.0	91.0	87.566223	-46.514854	5.234057	-5.03318199745	39.890045166	-0.108459472656	0.0
1980.0	8.0	5720.0	92.0	90.917061	-48.239738	6.048541	-6.80985782021	36.6322593689	-0.189453125	0.0
1980.0	8.0	5720.0	93.0	93.463829	-50.038204	5.537633	-9.77871061626	31.5581989288	-0.182312011719	0.0
1980.0	8.0	5720.0	94.0	94.674217	-51.753716	4.390692	-10.8185665733	31.2723808289	-0.160461425781	0.0
1980.0	8.0	5720.0	95.0	98.242325	-53.465122	4.348532	-13.0531889263	31.0261478424	0.00335693359375	0.0
1980.0	8.0	5720.0	96.0	100.364914	-54.582939	4.321642	-14.0402928403	36.023399353	-0.0154418945312	0.0
1980.0	8.0	5720.0	97.0	101.681976	-55.533669	4.705022	-14.8338430304	35.8872108459	0.0311889648438	0.0
1980.0	8.0	5720.0	98.0	102.61335	-56.278458	4.603612	-15.7295210989	43.4986534119	0.0791625976562	0.0
1980.0	8.0	5720.0	99.0	103.686638	-56.248093	4.089667	-16.2135539808	42.4658927917	0.03955078125	0.0
1980.0	8.0	5799.0	80.0	112.91082	-48.325569	5.764663	-10.5062352231	24.128320694	-0.915649414062	0.0
1980.0	8.0	5799.0	81.0	115.397743	-47.567528	6.416681	-9.53243314303	27.9384555817	-0.568298339844	1.0
1980.0	8.0	5799.0	82.0	118.265335	-47.195911	5.668546	-8.32010826698	27.8705844879	-0.3623046875	0.0
1980.0	8.0	5799.0	83.0	121.683685	-47.388287	5.106371	-8.65278038612	24.3805904388	-0.332763671875	0.0
1980.0	8.0	5799.0	84.0	124.473633	-48.240723	4.609518	-8.2829140111	28.2182750702	-0.398681640625	0.0
1980.0	8.0	5799.0	85.0	126.885422	-48.841331	4.24764	-8.99473009611	34.9940681458	-0.255737304688	0.0
1980.0	8.0	5799.0	86.0	129.120392	-49.552803	3.087782	-9.6818060624	42.5789260864	-0.264831542969	0.0
1980.0	8.0	5947.0	87.0	-144.484833	-53.948933	2.901068	-5.27475618061	27.839050293	-0.155944824219	0.0
1980.0	8.0	5947.0	88.0	-139.051407	-54.978569	4.293175	-5.39498901367	33.5127639771	-0.274475097656	0.0
1980.0	8.0	5947.0	89.0	-135.074173	-56.332058	4.932155	-5.8849583676	31.3100967407	-0.45556640625	0.0
1980.0	8.0	5947.0	90.0	-132.154816	-57.873104	6.453455	-6.73211669922	28.1267986298	-0.523559570312	1.0
1980.0	8.0	5947.0	91.0	-129.970856	-59.800858	7.491728	-8.67560938785	24.2314624786	-0.759216308594	1.0
1980.0	8.0	5947.0	92.0	-128.510605	-61.707787	6.757379	-9.20579711914	21.2459449768	-0.443298339844	1.0
1980.0	8.0	5947.0	93.0	-127.01622	-62.518181	7.008789	-10.4459875488	19.7643070221	-0.406066894531	0.0
1980.0	8.0	5947.0	94.0	-125.935944	-63.200054	5.945892	-10.2137329102	21.3650131226	-0.400573730469	0.0
1980.0	8.0	5947.0	95.0	-124.830475	-63.524502	5.350549	-11.285916748	18.6665935516	-0.615234375	1.0
1980.0	8.0	6794.0	116.0	-156.61293	-63.003014	4.017096	-20.9618045582	44.9909133911	-0.627746582031	0.0
1980.0	8.0	6794.0	117.0	-149.317947	-64.124786	6.975565	-19.9291330973	36.1917114258	-0.916809082031	0.0
1980.0	8.0	6794.0	118.0	-142.409561	-65.734352	7.062448	-16.3010266113	30.6440849304	-1.16870117188	0.0
1980.0	8.0	6794.0	119.0	-138.15947	-67.85955	6.819739	-14.3890871794	22.9102172852	-1.06494140625	0.0
1980.0	8.0	6794.0	120.0	-140.645416	-69.03997	5.526649	nan	15.9026117325	-1.69903564453	0.0
1980.0	8.0	6794.0	121.0	-140.736633	-67.712906	5.394343	-10.6467543382	17.5831375122	-1.16784667969	0.0
1980.0	8.0	6794.0	122.0	-134.884216	-66.029343	6.371122	-9.63158569336	25.4459133148	-0.802551269531	1.0
1980.0	8.0	6794.0	123.0	-127.960663	-65.816292	6.778365	-8.1044883728	27.7254714966	-0.777770996094	1.0
1980.0	8.0	6881.0	96.0	-127.569946	-62.619759	3.866036	-10.3617199707	18.508605957	-0.480163574219	1.0
1980.0	8.0	6881.0	97.0	-125.140488	-61.160915	5.527877	-9.89088256836	21.6775817871	-0.505859375	1.0
1980.0	8.0	6881.0	98.0	-120.685562	-60.777714	6.60808	-8.9291784668	18.6912574768	-0.529418945312	1.0
1980.0	8.0	6881.0	99.0	-116.857147	-61.035023	6.400955	-9.24411743164	18.1417942047	-0.526550292969	1.0
1980.0	8.0	6881.0	100.0	-113.342834	-61.859303	5.392679	-9.43842041016	18.63331604	-0.563110351562	1.0
1980.0	8.0	6881.0	101.0	-111.032974	-62.616264	5.445257	-9.12379394531	18.3626232147	-0.485534667969	1.0
1980.0	8.0	6881.0	102.0	-108.671417	-63.382259	5.466973	-9.13135742188	19.3633041382	-0.445739746094	1.0
1980.0	8.0	6881.0	103.0	-106.3461	-64.179085	4.986034	-9.43926757812	28.1308364868	-0.401550292969	0.0
1980.0	8.0	6881.0	104.0	-104.683899	-64.613091	4.261401	-9.53590332031	35.1469268799	-0.304626464844	0.0
1980.0	8.0	6881.0	105.0	-103.038788	-64.748871	4.405816	-9.8717565918	27.6021556854	-0.354736328125	0.0
1980.0	8.0	6881.0	106.0	-100.342529	-65.160568	4.462402	-9.66860717773	27.6742782593	-0.450317382812	1.0
1980.0	8.0	6881.0	107.0	-97.692139	-66.124062	3.833657	-9.97605834961	31.2002468109	-0.306518554688	0.0
1980.0	8.0	6888.0	92.0	83.122704	-50.813629	4.369339	-10.2082664088	35.526763916	-0.763000488281	0.0
1980.0	8.0	6888.0	93.0	83.99292	-49.454754	4.515986	-9.88244950144	31.0252151489	-0.721740722656	1.0
1980.0	8.0	6888.0	94.0	85.995941	-47.72403	4.430039	-7.53093308669	30.5960826874	-0.233581542969	0.0
1980.0	8.0	6888.0	95.0	89.345146	-45.984589	3.461223	-7.94281944862	27.5050582886	-0.242309570312	0.0
1980.0	8.0	6927.0	102.0	163.112152	-56.745338	3.87887	-8.88899632504	36.6891021729	-0.394653320312	0.0
1980.0	8.0	6927.0	103.0	170.069931	-56.310764	9.303638	-8.6803203382	23.3478908539	-1.271484375	1.0
1980.0	8.0	6927.0	104.0	172.499268	-56.369274	9.398018	-8.45869365491	21.1482849121	-1.37683105469	1.0
1980.0	8.0	6927.0	105.0	175.677582	-54.808464	6.8606	-8.8233931692	24.7046966553	-1.20434570312	1.0
1980.0	8.0	6984.0	106.0	179.071609	-55.996132	4.301618	-9.76749471029	22.9792022705	-1.22393798828	1.0
1980.0	8.0	6984.0	107.0	-178.121597	-54.640602	3.283223	-10.831144634	24.6158466339	-0.534973144531	1.0
1980.0	9.0	6794.0	0.0	-123.224121	-66.188728	7.289004	-7.34228261312	24.2320327759	-0.523620605469	1.0
1980.0	9.0	6794.0	1.0	-120.826324	-66.839287	6.528088	-6.56351114909	22.7273387909	-0.751525878906	0.0
1980.0	9.0	6794.0	2.0	-119.369247	-66.973885	5.122525	-5.69513230097	28.0779037476	-0.659912109375	0.0
1980.0	9.0	7057.0	0.0	-160.29892	-58.092857	4.280651	-16.0962717157	32.3330764771	-0.485900878906	0.0
1980.0	9.0	7057.0	1.0	-155.121002	-56.465557	5.734877	-14.8735367624	29.7323131561	-0.560302734375	0.0
1980.0	9.0	7057.0	2.0	-149.636475	-54.33699	6.334519	-12.0229203074	21.8787117004	-0.557983398438	0.0
1980.0	9.0	7057.0	3.0	-144.007324	-52.896435	6.544401	-9.27399163497	19.6514530182	-0.781921386719	1.0
1980.0	9.0	7057.0	4.0	-138.937759	-52.104321	6.164362	-8.57607068514	22.9290542603	-0.89404296875	1.0
1980.0	9.0	7057.0	5.0	-135.355591	-51.438641	6.635714	-8.46450966283	24.3801174164	-0.908142089844	1.0
1980.0	9.0	7057.0	6.0	-133.195114	-50.433117	6.799252	-7.33245849609	23.3557357788	-1.06658935547	1.0
1980.0	9.0	7057.0	7.0	-131.402023	-49.067753	6.477552	-7.29992515162	25.1679935455	-0.593505859375	1.0
1980.0	9.0	7057.0	8.0	-129.531723	-47.565926	6.260288	-7.46323101337	27.6276245117	-0.420166015625	1.0
1980.0	9.0	7057.0	9.0	-127.764572	-45.751617	5.620465	-6.61376718374	30.9218521118	-0.418090820312	1.0
1980.0	9.0	7057.0	10.0	-125.51944	-43.460701	5.179373	-6.11954909105	34.8041114807	-0.274536132812	0.0
1980.0	9.0	7057.0	11.0	-122.758163	-41.391624	4.830072	-6.40069580078	35.2678070068	-0.257080078125	0.0
1980.0	9.0	7057.0	12.0	-119.619843	-40.047459	4.802422	-6.87381450947	34.562374115	-0.214050292969	0.0
1980.0	9.0	7057.0	13.0	-116.028336	-38.919514	3.801676	-7.49735905574	32.3840065002	-0.269592285156	0.0
1980.0	9.0	7057.0	14.0	-110.96434	-38.947487	3.989784	-8.75183105469	30.937122345	-0.17724609375	0.0
1980.0	9.0	7057.0	15.0	-106.505814	-40.11924	4.263454	-10.8123802772	27.3051872253	-0.0799560546875	0.0
1980.0	9.0	7057.0	16.0	-102.571014	-41.352577	4.536559	-12.640026386	26.9497127533	-0.0848388671875	0.0
1980.0	9.0	7057.0	17.0	-99.051453	-42.112431	4.649568	-13.7499178373	27.72615242	-0.146606445312	0.0
1980.0	9.0	7057.0	18.0	-95.343811	-43.04826	3.739783	-13.2508357121	30.3090229034	-0.218200683594	0.0
1980.0	9.0	7057.0	19.0	-91.076965	-44.289177	4.356622	-14.7050123948	31.7233448029	-0.448608398438	0.0
1980.0	9.0	7223.0	3.0	65.243973	-48.767166	5.095258	-20.4432389109	49.9014396667	-0.460021972656	0.0
1980.0	9.0	7223.0	4.0	71.8368	-48.977612	6.584474	-17.0511265805	33.7040481567	-0.555114746094	0.0
1980.0	9.0	7223.0	5.0	78.38459	-48.337566	7.084191	-13.1933625874	23.3259143829	-0.656188964844	0.0
1980.0	9.0	7223.0	6.0	84.973488	-47.715408	7.431523	-9.5987877479	20.6778106689	-0.497009277344	1.0
1980.0	9.0	7223.0	7.0	91.301216	-47.311749	7.737415	-10.1732365535	25.291934967	-0.661682128906	0.0
1980.0	9.0	7223.0	8.0	97.293495	-47.162678	6.937993	-9.37417367788	29.8454704285	-0.405456542969	0.0
1980.0	9.0	7223.0	9.0	103.475899	-47.516575	6.4673	-10.8689622145	23.6379451752	-0.482116699219	0.0
1980.0	9.0	7223.0	10.0	109.393677	-48.154293	5.979011	-11.5547203651	23.8952178955	-0.413757324219	0.0
1980.0	9.0	7223.0	11.0	115.592758	-48.950985	5.015979	-12.6696632787	34.3103027344	-0.263244628906	0.0
1980.0	9.0	7914.0	29.0	-120.906647	-65.111031	4.24381	-11.2338989258	16.8387393951	-0.396423339844	0.0
1980.0	9.0	7914.0	30.0	-115.112289	-65.069153	6.299144	-7.86793823242	20.2073841095	-0.480285644531	1.0
1980.0	9.0	7914.0	31.0	-110.992004	-65.117203	6.719855	-5.69389038086	23.1127967834	-0.713195800781	1.0
1980.0	9.0	7914.0	32.0	-108.722092	-65.255798	6.658349	-4.68372472127	21.0487823486	-0.733581542969	1.0
1980.0	9.0	7914.0	33.0	-107.758804	-64.760452	4.979515	-4.5113293457	19.5570907593	-0.970458984375	1.0
1980.0	9.0	8070.0	35.0	-90.666565	-59.513077	4.922919	-7.1200208162	45.7400588989	-0.234802246094	0.0
1980.0	9.0	8070.0	36.0	-84.117615	-60.798111	7.205134	-7.51685424805	27.9972381592	-0.685546875	1.0
1980.0	9.0	8070.0	37.0	-82.896942	-62.504131	5.298004	-7.91285400391	18.4912185669	-0.732788085938	1.0
1980.0	9.0	8070.0	38.0	-82.375824	-62.437599	4.586694	-7.34954711914	14.1059179306	-0.761474609375	1.0
1980.0	9.0	8070.0	39.0	-79.392914	-61.542828	4.756248	-7.02803100586	13.7557144165	-0.657043457031	1.0
1980.0	9.0	8198.0	40.0	-73.597351	-61.335262	4.309737	-7.67307128906	18.0204048157	-0.675964355469	1.0
1980.0	9.0	8198.0	41.0	-67.802429	-62.771996	4.51896	nan	15.3399715424	-0.500915527344	0.0
1980.0	9.0	8198.0	42.0	-66.498199	-63.215374	4.176616	nan	14.9007196426	-0.316711425781	0.0
1980.0	9.0	8198.0	43.0	-67.095581	-63.4562	3.645107	nan	14.2970123291	-0.5341796875	0.0
1980.0	9.0	8198.0	44.0	-66.157684	-62.809376	3.053775	nan	12.8622903824	-0.26025390625	0.0
1980.0	9.0	8198.0	45.0	-64.418274	-62.162621	3.183812	nan	12.5924005508	-0.211730957031	0.0
1980.0	9.0	8198.0	46.0	-60.050201	-61.579575	3.447049	nan	13.8262357712	-0.302978515625	0.0
1980.0	9.0	8198.0	47.0	-57.149963	-60.861122	3.996411	nan	15.6987609863	-0.282104492188	0.0
1980.0	9.0	8198.0	48.0	-52.343872	-59.945847	4.014586	nan	18.6917057037	-0.252258300781	0.0
1980.0	9.0	8198.0	49.0	-46.782654	-59.440788	4.335844	nan	19.010591507	-0.134765625	0.0
1980.0	9.0	8198.0	50.0	-40.954895	-59.071793	4.607443	nan	19.225440979	-0.175231933594	0.0
1980.0	9.0	8198.0	51.0	-35.866577	-58.504879	4.313897	nan	20.890663147	-0.222900390625	0.0
1980.0	9.0	8256.0	43.0	-112.607239	-66.327316	3.121098	-10.526822408	14.1026706696	-0.162170410156	0.0
1980.0	9.0	8256.0	44.0	-106.104797	-64.436653	3.398166	-6.91591552734	14.0678043365	-0.30078125	0.0
1980.0	9.0	8256.0	45.0	-100.862518	-63.201672	4.417726	-4.98323608398	16.4078655243	-0.4365234375	1.0
1980.0	9.0	8256.0	46.0	-96.021698	-61.9715	4.053534	-4.25978759766	22.0002155304	-0.453674316406	1.0
1980.0	9.0	8256.0	47.0	-91.523865	-60.940483	4.390478	-5.16077392578	23.3176631927	-0.417663574219	1.0
1980.0	9.0	8256.0	48.0	-85.113617	-59.999706	4.329454	-5.51305188631	16.3837490082	-0.363891601562	0.0
1980.0	9.0	8256.0	49.0	-80.925385	-59.666122	5.245655	-5.65367367393	15.9237775803	-0.273986816406	0.0
1980.0	9.0	8256.0	50.0	-78.108978	-59.468212	4.46655	-5.74727911698	14.5806388855	-0.293273925781	0.0
1980.0	9.0	8256.0	51.0	-78.26062	-59.484348	4.000144	-7.50834093596	16.299955368	-0.323425292969	0.0
1980.0	9.0	8339.0	46.0	160.73053	-56.26836	5.070764	-12.2679893092	42.3350906372	-0.539489746094	0.0
1980.0	9.0	8339.0	47.0	162.44841	-55.296722	6.087422	-8.47538034539	39.6746482849	-0.438842773438	0.0
1980.0	9.0	8339.0	48.0	164.966476	-54.228073	6.333998	-6.65937885485	32.733379364	-0.479064941406	0.0
1980.0	9.0	8339.0	49.0	168.105667	-53.53931	6.162755	-7.61852384868	28.9977684021	-0.536804199219	1.0
1980.0	9.0	8339.0	50.0	172.198624	-52.535019	5.382667	-7.1117955258	24.4161052704	-0.486206054688	1.0
1980.0	9.0	8339.0	51.0	176.68396	-52.256599	5.073408	-7.64226652447	27.1981449127	-0.379638671875	0.0
1980.0	9.0	8339.0	52.0	-178.704529	-52.607903	5.05896	-8.27680246454	27.9762783051	-0.282165527344	0.0
1980.0	9.0	8339.0	53.0	-174.285614	-53.502048	5.746089	-8.77260870683	31.6495170593	-0.271545410156	0.0
1980.0	9.0	8339.0	54.0	-170.503235	-54.368313	4.918946	-9.85530973736	27.9837265015	-0.168640136719	0.0
1980.0	9.0	8339.0	55.0	-166.322647	-55.534611	4.421253	-10.9884225946	26.1131515503	-0.153869628906	0.0
1980.0	9.0	8339.0	56.0	-162.695023	-56.697292	4.168037	-12.2490121942	22.7505588531	-0.0452880859375	0.0
1980.0	9.0	9300.0	77.0	65.226364	-47.211926	2.513438	-9.75309401292	27.1259307861	0.00152587890625	0.0
1980.0	9.0	9300.0	78.0	69.789131	-47.715069	2.771909	-11.1079993615	28.9536991119	-0.0311889648438	0.0
1980.0	9.0	9300.0	79.0	74.530159	-48.453762	3.378144	-9.72084768195	29.1130867004	-0.0626831054688	0.0
1980.0	9.0	9300.0	80.0	78.268158	-47.341602	3.592807	-10.0575232873	35.5311279297	-0.04541015625	0.0
1980.0	9.0	9300.0	81.0	82.442314	-47.237629	3.614873	-8.13097909781	37.7043266296	-0.080322265625	0.0
1980.0	9.0	9300.0	82.0	87.142746	-47.978817	4.656651	-6.66256713867	27.9296665192	-0.106384277344	0.0
1980.0	9.0	9300.0	83.0	90.947189	-49.23452	5.858975	-7.32099513004	25.7027988434	-0.499206542969	1.0
1980.0	9.0	9300.0	84.0	94.280884	-50.76405	6.250653	-7.69406288549	29.9217090607	-0.582702636719	1.0
1980.0	9.0	9300.0	85.0	96.701424	-51.678329	7.520008	-8.58624428197	26.2213249207	-0.691650390625	1.0
1980.0	9.0	9300.0	86.0	98.963196	-52.317867	8.550236	-9.39537289268	25.644569397	-0.758850097656	1.0
1980.0	9.0	9300.0	87.0	101.105469	-52.436546	8.22485	-8.44799322831	29.3213157654	-0.615966796875	1.0
1980.0	9.0	9300.0	88.0	102.972115	-52.780945	7.151638	-8.26947985197	27.3443050385	-0.622985839844	1.0
1980.0	9.0	9300.0	89.0	104.436195	-52.750813	6.510585	-8.45636789422	29.0114421844	-0.567260742188	1.0
1980.0	9.0	9300.0	90.0	106.32888	-52.395237	6.031745	-8.44456883481	25.1541881561	-0.412414550781	1.0
1980.0	9.0	9300.0	91.0	108.310341	-51.815395	4.943612	-9.44338346782	22.0211620331	-0.359985351562	0.0
1980.0	9.0	9300.0	92.0	110.223946	-50.764374	4.327194	-9.908561305	21.7677135468	-0.261291503906	0.0
1980.0	9.0	9449.0	84.0	95.987267	-44.134132	3.349482	-10.1500948392	41.2217330933	-0.0646362304688	0.0
1980.0	9.0	9449.0	85.0	101.239601	-44.948864	3.908224	-8.42070594201	41.6604003906	-0.106689453125	0.0
1980.0	9.0	9449.0	86.0	105.926567	-46.270306	5.075901	-8.24774639423	35.917804718	-0.169982910156	0.0
1980.0	9.0	9449.0	87.0	108.969528	-48.201851	5.476431	-8.47091835424	27.2520084381	-0.471008300781	1.0
1980.0	9.0	9449.0	88.0	112.500893	-49.321934	6.140665	-9.28591758326	28.8223609924	-0.474853515625	1.0
1980.0	9.0	9449.0	89.0	115.698814	-50.394646	5.4338	-8.86662694028	28.5886592865	-0.342163085938	0.0
1980.0	9.0	9449.0	90.0	118.615921	-51.546787	6.275687	-8.884407445	23.1173171997	-0.44921875	1.0
1980.0	9.0	9449.0	91.0	120.832626	-52.363636	6.279616	-11.2680840743	22.3671836853	-0.415100097656	0.0
1980.0	9.0	9449.0	92.0	122.211121	-52.572605	7.538218	-10.5366098504	18.5204544067	-0.450134277344	1.0
1980.0	9.0	9449.0	93.0	124.661888	-52.487991	8.672074	-12.7574302272	29.9454936981	-0.600341796875	0.0
1980.0	9.0	9449.0	94.0	124.930603	-51.285347	8.305639	-11.3794073808	32.4323043823	-0.860534667969	0.0
1980.0	9.0	9449.0	95.0	127.213959	-49.772968	7.562603	-11.2265657124	35.5218963623	-0.534606933594	0.0
1980.0	9.0	9449.0	96.0	131.480789	-47.714222	6.24301	-10.169903095	25.4750823975	-0.326965332031	0.0
1980.0	9.0	9517.0	86.0	97.302666	-43.848263	2.55955	-6.71761145959	36.5604019165	-0.0154418945312	0.0
1980.0	9.0	9517.0	87.0	103.219696	-43.161694	3.741516	-8.71074735201	38.9614601135	-0.048095703125	0.0
1980.0	9.0	9517.0	88.0	108.492638	-43.16423	5.461302	-8.66144737831	33.9690361023	-0.11328125	0.0
1980.0	9.0	9517.0	89.0	113.464462	-44.249607	6.330556	-9.53378295898	35.4491119385	-0.200866699219	0.0
1980.0	9.0	9517.0	90.0	117.805962	-45.002583	7.540169	-9.46610905574	29.8370018005	-0.243286132812	0.0
1980.0	9.0	9517.0	91.0	121.799057	-45.783554	7.115274	-7.99092923678	24.952955246	-0.420166015625	1.0
1980.0	9.0	9517.0	92.0	126.380836	-46.269665	7.594131	-7.56438739483	25.2228488922	-0.395935058594	0.0
1980.0	9.0	9517.0	93.0	131.749817	-46.821873	7.83638	-8.17281634991	36.4229354858	-0.229248046875	0.0
1980.0	9.0	9517.0	94.0	137.854416	-47.788422	6.745674	-9.25956139198	38.6038665771	-0.1376953125	0.0
1980.0	9.0	9517.0	95.0	144.057159	-49.127926	5.291548	-11.4321497867	42.2687416077	-0.0548095703125	0.0
1980.0	9.0	9517.0	96.0	150.501755	-50.463573	5.515841	-13.3612911827	49.6210632324	0.0316772460938	0.0
1980.0	9.0	9517.0	97.0	153.833832	-52.079193	5.541094	-15.7200429816	43.3834228516	-0.00543212890625	0.0
1980.0	9.0	9617.0	75.0	-64.61972	-57.30505	3.161428	-10.864023309	18.3151836395	-0.382019042969	0.0
1980.0	9.0	9617.0	76.0	-59.492767	-53.464256	3.194217	-9.91424721166	22.7046070099	-0.436401367188	1.0
1980.0	9.0	9617.0	77.0	-55.157898	-50.576439	3.044586	-11.0399137798	21.5904026031	-0.473449707031	0.0
1980.0	9.0	9617.0	78.0	-52.686646	-48.573589	4.356489	-9.83103059468	23.3779354095	-0.406005859375	0.0
1980.0	9.0	9617.0	79.0	-50.161346	-46.456181	4.498704	-7.54636089618	23.1335411072	-0.383483886719	0.0
1980.0	9.0	9617.0	80.0	-47.177612	-44.088062	3.995506	-7.12138953576	29.5747146606	-0.343872070312	0.0
1980.0	9.0	9625.0	79.0	-126.954056	-58.448242	9.306389	-13.0660095215	50.7075614929	-1.04473876953	0.0
1980.0	9.0	9625.0	80.0	-125.4272	-57.254208	9.932372	-11.376901727	50.0005302429	-0.893493652344	0.0
1980.0	9.0	9625.0	81.0	-123.060211	-55.820564	6.623966	-8.73283948396	46.7250061035	-0.807312011719	0.0
1980.0	9.0	9625.0	82.0	-119.700851	-54.209087	5.918066	-6.95205688477	34.181842804	-0.794921875	0.0
1980.0	9.0	9625.0	83.0	-115.729721	-53.657063	7.389173	-7.25550922595	32.7148323059	-0.795043945312	0.0
1980.0	9.0	9625.0	84.0	-111.786331	-53.889629	7.46312	-7.01466610557	39.8046607971	-0.640808105469	0.0
1980.0	9.0	9625.0	85.0	-108.734314	-54.120205	6.611326	-7.6372969778	33.9954071045	-0.453430175781	0.0
1980.0	9.0	9625.0	86.0	-105.570282	-54.310768	5.847561	-7.85822978773	27.4336090088	-0.486999511719	1.0
1980.0	9.0	9625.0	87.0	-102.631104	-54.090828	5.467192	-8.56321314762	17.6558094025	-0.273620605469	0.0
1980.0	9.0	9625.0	88.0	-100.030487	-54.456184	3.920434	-10.089647795	29.3721981049	-0.198364257812	0.0
1980.0	9.0	9625.0	89.0	-99.052551	-54.666252	2.62732	-12.8009996916	27.9024238586	-0.118469238281	0.0
1980.0	9.0	9784.0	90.0	-28.923157	-41.802151	3.182008	-3.87943678636	36.6055831909	-0.144104003906	0.0
1980.0	9.0	9784.0	91.0	-25.498199	-42.253536	4.595129	-5.0185922476	30.1095924377	-0.438232421875	1.0
1980.0	9.0	9784.0	92.0	-21.605957	-43.281303	7.053327	-6.4767174354	28.6196651459	-0.635864257812	1.0
1980.0	9.0	9784.0	93.0	-18.036804	-44.81023	10.12771	-8.34594726562	28.1505966187	-0.779968261719	1.0
1980.0	9.0	9784.0	94.0	-14.015656	-46.735058	10.30759	-11.3943340595	26.9878921509	-0.723205566406	0.0
1980.0	9.0	9784.0	95.0	-10.014923	-48.697025	9.007954	-13.1776139109	27.0809383392	-0.938415527344	0.0
1980.0	9.0	9784.0	96.0	-5.777039	-49.855015	6.205825	-14.1707169382	24.3086891174	-0.746154785156	0.0
1980.0	9.0	9784.0	97.0	-0.777802	-50.388302	4.226791	-16.1765891627	36.1797218323	-0.401672363281	0.0
1980.0	9.0	9784.0	98.0	5.190271	-50.283741	2.755139	-19.8978512413	49.1035957336	-0.142700195312	0.0
1980.0	9.0	9784.0	99.0	9.75158	-49.340801	2.529077	-22.2132761102	53.9965286255	0.0100708007812	0.0
1980.0	9.0	9954.0	98.0	-110.878159	-38.401451	2.822596	-25.2257103553	59.7432098389	-0.082763671875	0.0
1980.0	9.0	9954.0	99.0	-108.367126	-39.266689	2.64052	-24.4179945726	65.4188461304	-0.167541503906	0.0
1980.0	9.0	9954.0	100.0	-105.320419	-39.470364	2.876009	-25.2160550631	64.3014297485	-0.234497070312	0.0
1980.0	9.0	9954.0	101.0	-102.110931	-39.962467	2.957331	-25.2472229004	59.2489318848	-0.258544921875	0.0
1980.0	9.0	9954.0	102.0	-98.607697	-40.026859	4.6477	-26.1161898099	53.5753326416	-0.349975585938	0.0
1980.0	9.0	9954.0	103.0	-95.504456	-40.99276	5.78537	-23.3052978516	37.6883926392	-0.595397949219	0.0
1980.0	9.0	9954.0	104.0	-92.069946	-41.960106	7.221731	-22.1024615948	41.4502906799	-0.706298828125	0.0
1980.0	9.0	9954.0	105.0	-88.228027	-43.335815	7.851114	-21.9965937688	44.1971588135	-0.742370605469	0.0
1980.0	9.0	9954.0	106.0	-84.587189	-45.546627	7.551614	-20.9870464618	47.6562690735	-0.889831542969	0.0
1980.0	9.0	9954.0	107.0	-80.732422	-48.394985	9.250773	-19.7788439299	52.534122467	-1.09625244141	0.0
1980.0	9.0	9954.0	108.0	-78.358734	-50.735729	11.4314	-19.2903683311	45.5613174438	-0.998901367188	0.0
1980.0	9.0	9954.0	109.0	-77.00708	-52.987957	9.96454	-18.6399760999	31.4906387329	-1.89477539062	0.0
1980.0	9.0	9954.0	110.0	-76.390289	-54.318485	11.53928	-16.4800704153	31.8265113831	-1.80169677734	0.0
1980.0	9.0	9954.0	111.0	-76.689941	-54.788162	14.03503	-13.9667133532	29.5475387573	-2.06048583984	0.0
1980.0	9.0	9954.0	112.0	-77.03653	-54.554001	13.43928	-11.5521722091	27.5786952972	-1.75177001953	0.0
1980.0	9.0	9954.0	113.0	-76.503845	-54.389347	12.78469	-9.62004972759	25.0264015198	-1.59143066406	1.0
1980.0	9.0	9954.0	114.0	-75.752838	-54.421616	12.09693	-9.57475842928	21.7441062927	-0.939025878906	1.0
1980.0	9.0	9954.0	115.0	-75.298645	-54.397545	11.09717	-9.77869294819	22.8717708588	-1.01165771484	1.0
1980.0	9.0	9954.0	116.0	-74.124695	-54.128708	10.19879	-9.58134121365	22.4968414307	-0.748779296875	1.0
1980.0	9.0	9954.0	117.0	-73.270782	-53.721344	7.437868	-9.97506059919	22.2301521301	-0.579223632812	0.0
1980.0	9.0	9954.0	118.0	-70.564972	-53.214481	4.970237	-11.1532592773	22.834274292	-0.44677734375	0.0
1980.0	9.0	10523.0	112.0	110.685432	-46.713123	5.53933	-9.30672983023	18.0496044159	-0.336120605469	0.0
1980.0	9.0	10523.0	113.0	113.482353	-47.638271	6.81438	-9.99627685547	19.1834964752	-0.508422851562	1.0
1980.0	9.0	10523.0	114.0	115.087288	-48.674244	7.239759	-10.635226601	16.7568645477	-0.589477539062	1.0
1980.0	9.0	10523.0	115.0	116.113167	-48.864944	6.447162	-11.0252653423	19.1062335968	-0.764343261719	1.0
1980.0	9.0	10523.0	116.0	117.548164	-48.503273	6.112663	-9.87569226717	20.8430099487	-0.587280273438	1.0
1980.0	9.0	10523.0	117.0	119.716812	-48.429348	5.247588	-9.98812384354	25.3540821075	-0.486694335938	1.0
1980.0	9.0	10523.0	118.0	121.421196	-48.262676	5.248457	-10.5669507478	27.1703910828	-0.455932617188	1.0
1980.0	9.0	10523.0	119.0	122.763725	-47.30489	4.555366	-9.70903367263	26.4358520508	-0.400695800781	0.0
1980.0	10.0	24.0	0.0	132.076706	-60.662464	6.063165	-4.64704589844	25.7141304016	-0.445922851562	1.0
1980.0	10.0	24.0	1.0	135.842575	-61.89637	7.995015	-5.3349609375	28.484916687	-0.675720214844	1.0
1980.0	10.0	24.0	2.0	139.675537	-62.767868	7.1228	-6.74403381348	31.6486759186	-0.394348144531	0.0
1980.0	10.0	24.0	3.0	143.212723	-63.91758	4.918458	nan	33.0661239624	-0.242431640625	0.0
1980.0	10.0	943.0	37.0	57.227604	-57.334587	5.655141	-12.7752958599	27.8459529877	-0.30126953125	0.0
1980.0	10.0	943.0	38.0	61.704693	-57.256073	7.826361	-11.3907406456	21.5497169495	-0.705688476562	1.0
1980.0	10.0	943.0	39.0	66.360802	-55.919422	8.287877	-11.3986157869	23.7076625824	-0.426086425781	1.0
1980.0	10.0	943.0	40.0	71.702866	-54.49501	8.354522	-11.8795085706	23.7679615021	-0.51025390625	0.0
1980.0	10.0	943.0	41.0	75.44722	-53.167156	7.400065	-11.7210115132	36.5428276062	-0.458984375	0.0
1980.0	10.0	943.0	42.0	80.002762	-51.598797	5.65366	-11.739466617	45.4023170471	-0.446228027344	0.0
1980.0	10.0	943.0	43.0	84.667442	-50.103695	3.833195	-12.4656291761	43.4717178345	-0.369201660156	0.0
1980.0	10.0	975.0	39.0	-117.492233	-56.594582	3.844965	-7.27972090872	23.025478363	-0.431396484375	1.0
1980.0	10.0	1145.0	47.0	104.114395	-49.079865	3.888827	-10.1531147204	26.914106369	-0.791442871094	1.0
1980.0	10.0	1145.0	48.0	107.588921	-48.272148	2.941563	-9.86898803711	28.8959674835	-0.465454101562	1.0
1980.0	10.0	1456.0	39.0	-122.141327	-60.270077	5.599725	-14.3116711426	19.2363910675	-0.652099609375	0.0
1980.0	10.0	1456.0	40.0	-116.352524	-58.22353	7.075799	-12.0318185907	28.9743461609	-0.725524902344	0.0
1980.0	10.0	1456.0	41.0	-108.554688	-57.030682	6.929801	-9.07549566972	28.427110672	-0.605834960938	1.0
1980.0	10.0	1456.0	42.0	-100.795807	-57.878197	6.44229	-8.43230558697	21.7211990356	-0.545715332031	1.0
1980.0	10.0	1456.0	43.0	-95.485657	-60.088268	5.874659	-10.3885180664	20.8447341919	-0.683227539062	1.0
1980.0	10.0	1456.0	44.0	-92.391296	-62.344944	5.585479	-12.1014672852	20.6448135376	-0.474304199219	0.0
1980.0	10.0	1456.0	45.0	-91.727264	-64.172119	3.291855	-12.6973425293	19.6644668579	-0.400329589844	0.0
1980.0	10.0	1676.0	68.0	-118.829178	-63.682869	3.250432	-10.9721276855	18.3794612885	-0.56640625	1.0
1980.0	10.0	1676.0	69.0	-117.664642	-64.021454	3.274542	-9.25368041992	14.4805870056	-0.410400390625	1.0
1980.0	10.0	1713.0	70.0	-102.733734	-57.141743	3.080112	-11.858769467	36.0482063293	-0.0943603515625	0.0
1980.0	10.0	1713.0	71.0	-96.384094	-57.353729	4.328645	-9.23118832237	30.923210144	-0.172790527344	0.0
1980.0	10.0	1713.0	72.0	-90.144592	-57.578129	4.552304	-9.16660188374	31.3032283783	-0.323486328125	0.0
1980.0	10.0	1713.0	73.0	-85.5914	-58.854507	3.897458	-9.09469283255	23.6862640381	-0.209533691406	0.0
1980.0	10.0	1713.0	74.0	-83.699097	-60.159546	3.623608	-9.12379272461	15.2719764709	-0.463439941406	1.0
1980.0	10.0	1713.0	75.0	-81.875641	-60.156158	5.350695	-10.2462365723	19.1373634338	-0.647399902344	1.0
1980.0	10.0	1713.0	76.0	-80.324402	-59.79707	5.618871	-11.4096422697	36.3144950867	-0.353515625	0.0
1980.0	10.0	1713.0	77.0	-79.601715	-58.426785	3.956036	-11.1344909668	44.4546394348	-0.220031738281	0.0
1980.0	10.0	1727.0	71.0	168.749664	-63.00182	3.751034	-22.701361084	60.6488800049	-0.466247558594	0.0
1980.0	10.0	1727.0	72.0	178.134399	-61.66486	4.104815	-19.5498250326	59.483291626	-0.489990234375	0.0
1980.0	10.0	1727.0	73.0	-173.077499	-60.455997	5.74522	-15.3568774414	53.1949806213	-0.657531738281	0.0
1980.0	10.0	1727.0	74.0	-164.921555	-59.202251	6.311853	-12.4026441072	38.6920661926	-0.803771972656	0.0
1980.0	10.0	1727.0	75.0	-157.78833	-58.076729	8.322777	-11.6125038549	27.2042140961	-0.751098632812	0.0
1980.0	10.0	1727.0	76.0	-152.12886	-57.612232	9.715075	-11.6884829873	19.0620689392	-0.727355957031	0.0
1980.0	10.0	1727.0	77.0	-148.203995	-57.201614	9.835997	-10.564777575	14.8939256668	-0.728637695312	0.0
1980.0	10.0	1727.0	78.0	-145.500854	-56.806164	8.644658	-10.0528998124	16.3005104065	-0.813293457031	0.0
1980.0	10.0	1727.0	79.0	-143.46701	-55.585114	6.684479	-9.80224769994	19.2305183411	-0.598510742188	1.0
1980.0	10.0	1727.0	80.0	-140.937256	-52.872677	4.084332	-8.608522114	42.5920944214	-0.669372558594	0.0
1980.0	10.0	1727.0	81.0	-137.020172	-50.091679	3.312069	-7.03829313579	41.4196586609	-0.390319824219	0.0
1980.0	10.0	2180.0	70.0	-107.631287	-63.955299	3.028398	-8.57786743164	12.194475174	-0.425170898438	1.0
1980.0	10.0	2180.0	71.0	-104.038315	-64.051231	4.28271	-8.41065307617	11.6721763611	-0.436584472656	1.0
1980.0	10.0	2180.0	72.0	-100.34317	-63.269363	3.872758	-8.80052246094	14.2724428177	-0.437194824219	1.0
1980.0	10.0	2180.0	73.0	-97.066345	-61.620445	3.578507	-8.57824462891	18.6332302094	-0.468200683594	1.0
1980.0	10.0	2180.0	74.0	-92.713593	-59.290081	3.000595	-8.49859297903	27.4280223846	-0.346252441406	0.0
1980.0	10.0	2443.0	100.0	157.111679	-53.940758	3.537462	-23.1727664345	59.6026687622	-0.305114746094	0.0
1980.0	10.0	2443.0	101.0	164.708954	-56.332645	4.202626	-22.8786524722	64.4599838257	-0.309204101562	0.0
1980.0	10.0	2443.0	102.0	170.361649	-59.373711	4.998583	-17.7606747276	55.0799942017	-0.278381347656	0.0
1980.0	10.0	2443.0	103.0	175.3284	-61.442745	8.174148	-13.8970202637	28.7029247284	-0.830688476562	0.0
1980.0	10.0	2443.0	105.0	-173.687836	-62.10915	9.927362	-12.1595324707	30.6995830536	-1.02966308594	0.0
1980.0	10.0	2443.0	106.0	-167.607391	-61.678814	9.965633	-12.2923120117	28.1504554749	-0.8349609375	0.0
1980.0	10.0	2443.0	107.0	-161.70047	-60.890907	7.621541	-12.6232770284	26.8430557251	-0.729858398438	0.0
1980.0	10.0	2443.0	108.0	-153.84465	-60.7798	6.815834	-12.7776428223	23.0937728882	-0.799926757812	0.0
1980.0	10.0	2443.0	109.0	-148.435837	-58.6362	5.795505	-11.5157936498	24.8813686371	-0.610473632812	0.0
1980.0	10.0	2443.0	110.0	-141.608521	-56.364311	5.595162	-9.14905106394	28.2330799103	-0.573425292969	1.0
1980.0	10.0	2443.0	111.0	-133.701035	-54.423496	4.364814	-7.61791510331	26.8603916168	-0.453979492188	1.0
1980.0	10.0	2443.0	112.0	-126.267975	-53.293251	5.232574	-7.41674965306	25.1022548676	-0.426879882812	1.0
1980.0	10.0	2443.0	113.0	-120.405701	-53.198219	3.093235	-8.29323216488	25.8102169037	-0.294860839844	0.0
1980.0	10.0	2579.0	106.0	146.004242	-58.379238	6.467165	-13.7232489335	30.7739658356	-0.974487304688	0.0
1980.0	10.0	2579.0	107.0	150.873901	-59.549046	7.669994	-12.2958117033	28.6648178101	-0.770446777344	0.0
1980.0	10.0	2579.0	108.0	154.629654	-60.742432	7.332095	-11.2345739746	27.1535167694	-0.692687988281	0.0
1980.0	10.0	2579.0	109.0	154.283768	-61.455166	5.562872	-13.1444917567	25.8465862274	-0.916259765625	0.0
1980.0	10.0	2579.0	110.0	153.360947	-61.523533	5.689835	-14.0000610352	24.5516376495	-0.822326660156	0.0
1980.0	10.0	2579.0	111.0	152.325485	-61.519825	5.500144	-13.3852646772	20.4196910858	-0.740844726562	0.0
1980.0	10.0	2579.0	112.0	151.627899	-61.041084	5.678526	-12.08152771	18.3851509094	-0.618469238281	0.0
1980.0	10.0	2579.0	113.0	151.582123	-59.827957	5.627306	-11.5161229184	15.1873626709	-0.598266601562	1.0
1980.0	10.0	2579.0	114.0	153.746323	-57.966156	5.125023	-9.05693616365	16.1509342194	-0.540710449219	1.0
1980.0	10.0	2602.0	107.0	-178.71463	-61.511719	4.206151	-6.03370483398	27.7732048035	-0.502075195312	1.0
1980.0	10.0	2602.0	108.0	-175.370224	-61.426067	4.892027	-9.7350769043	47.3936729431	-0.435607910156	0.0
1980.0	10.0	2602.0	109.0	-171.242737	-61.498768	4.081709	-15.7802062988	58.0174827576	-0.322631835938	0.0
1980.0	10.0	2602.0	110.0	-165.974915	-61.600288	4.002277	-20.0726782227	69.3082733154	-0.231506347656	0.0
1980.0	10.0	2780.0	115.0	165.771774	-59.993313	2.799592	-9.04603978207	16.4687595367	-0.266784667969	0.0
1980.0	10.0	2780.0	116.0	167.582077	-60.183514	3.949311	-9.43948974609	14.9201173782	-0.442260742188	1.0
1980.0	10.0	3026.0	117.0	166.418396	-59.13509	4.638419	-9.14256848787	16.1150894165	-0.409606933594	1.0
1980.0	10.0	3026.0	118.0	167.98349	-57.774006	4.788488	-8.0665845369	16.1129341125	-0.499694824219	1.0
1980.0	10.0	3026.0	119.0	171.941254	-57.314735	4.786372	-7.67575233861	15.1897287369	-0.286987304688	0.0
1980.0	10.0	3026.0	120.0	176.001724	-57.069016	4.223167	-8.55306043123	23.3992652893	-0.267944335938	0.0
1980.0	10.0	3026.0	121.0	-179.686905	-56.95211	3.006134	-9.57692035876	30.1951065063	-0.2138671875	0.0
1980.0	10.0	3089.0	122.0	141.105957	-51.284985	2.941152	-10.3021738153	16.9646816254	-0.435791015625	1.0
1980.0	10.0	3089.0	123.0	144.302216	-51.420868	5.22294	-11.8670043945	16.3363361359	-0.718627929688	0.0
1980.0	11.0	3272.0	6.0	118.350815	-59.637623	4.876749	-12.9038840846	25.8067626953	-0.511779785156	0.0
1980.0	11.0	3272.0	7.0	124.38504	-58.864952	6.188658	-11.516068308	22.0239028931	-0.384033203125	0.0
1980.0	11.0	3272.0	8.0	129.577942	-58.861694	6.101421	-10.8519303171	17.3520450592	-0.310302734375	0.0
1980.0	11.0	3272.0	9.0	133.198074	-59.126759	6.176563	-10.8177329616	14.6282577515	-0.2666015625	0.0
1980.0	11.0	3272.0	10.0	136.108566	-58.963787	5.648648	-9.41082763672	13.278386116	-0.376708984375	0.0
1980.0	11.0	3272.0	11.0	139.19931	-58.445751	4.485298	-8.65422299034	14.3806533813	-0.437072753906	1.0
1980.0	11.0	3272.0	12.0	143.277451	-57.347733	4.084093	-8.70087312397	16.5034484863	-0.266296386719	0.0
1980.0	11.0	3272.0	13.0	147.259293	-56.521564	4.19014	-8.7917448345	20.2697677612	-0.3056640625	0.0
1980.0	11.0	3533.0	19.0	-76.197144	-53.055725	4.098143	-9.30524645354	24.7608757019	-0.4384765625	1.0
1980.0	11.0	3533.0	20.0	-76.595398	-52.007854	4.316739	-9.70211310136	35.4482040405	-0.222717285156	0.0
1980.0	11.0	3533.0	21.0	-76.928558	-50.499233	4.887974	-10.7451380679	37.8001213074	-0.248718261719	0.0
1980.0	11.0	3533.0	22.0	-76.668701	-48.880131	4.67889	-10.8118014865	44.2679901123	-0.242919921875	0.0
1980.0	11.0	3533.0	23.0	-76.383911	-46.635998	4.326428	-13.287898137	50.6262283325	-0.0763549804688	0.0
1980.0	11.0	3533.0	24.0	-75.542236	-44.952522	3.361535	-12.6898854574	64.9657745361	-0.0797119140625	0.0
1980.0	11.0	3752.0	2.0	150.689209	-48.565639	5.488133	-8.64684094881	28.920129776	-0.684753417969	1.0
1980.0	11.0	3752.0	3.0	153.538864	-48.872967	5.274951	-9.86860255191	29.4627132416	-0.483337402344	0.0
1980.0	11.0	3752.0	4.0	155.991287	-49.371532	3.90787	-10.20950478	31.4233951569	-0.478210449219	0.0
